74,52,5,"1,7"
72,51,5,"1,6"
74,53,5,"1,6"
71,54,5,"0,7"
72,52,5,"1,7"
74,50,5,"1,7"
70,54,5,"1,7"
72,53,5,"1,6"
73,54,5,"0,7"
74,51,5,"1,6"
72,54,5,"1,7"
73,53,5,"0,6"
70,52,11,"5,4"
70,52,5,"1,7"
71,51,11,"6,3"
71,51,5,"0,6"
73,51,5,"0,6"
73,52,5,"0,7"
74,54,5,"1,7"
70,50,11,"5,1"
70,50,5,"1,7"
70,53,5,"1,6"
71,53,5,"0,6"
71,50,11,"6,1"
71,50,5,"0,7"
73,50,5,"0,7"
70,51,11,"5,3"
70,51,5,"1,6"
71,52,11,"6,4"
71,52,5,"0,7"
72,50,5,"1,7"
77,81,5,"0,6"
75,81,5,"0,6"
79,82,5,"0,7"
76,80,5,"1,7"
77,80,5,"0,7"
75,80,5,"0,7"
79,83,5,"0,6"
78,84,5,"1,7"
76,81,5,"1,6"
75,83,5,"0,6"
79,80,5,"0,7"
78,82,5,"1,7"
76,82,5,"1,7"
75,82,5,"0,7"
79,81,5,"0,6"
78,83,5,"1,6"
76,84,5,"1,7"
76,83,5,"1,6"
77,84,5,"0,7"
78,80,5,"1,7"
77,83,5,"0,6"
75,84,5,"0,7"
78,81,5,"1,6"
77,82,5,"0,7"
79,84,5,"0,7"
41,7,10,"1,1"
41,8,10,"1,1"
41,6,10,"1,0"
40,6,10,"1,0"
40,7,10,"1,1"
42,6,10,"2,0"
42,8,10,"1,1"
43,9,10,"2,1"
43,7,10,"2,0"
40,8,10,"1,1"
40,8,5,"1,6"
42,7,10,"1,1"
42,9,10,"1,1"
43,8,10,"2,1"
40,9,10,"1,1"
40,9,5,"1,7"
41,9,10,"1,1"
41,43,10,"1,1"
41,44,10,"1,1"
42,41,10,"1,1"
43,40,10,"1,1"
40,41,10,"1,1"
41,42,10,"1,1"
43,43,10,"1,1"
40,42,10,"1,1"
41,41,10,"1,1"
42,44,10,"1,1"
43,42,10,"1,1"
40,43,10,"1,1"
41,40,10,"1,1"
40,44,10,"1,1"
44,40,10,"1,1"
42,42,10,"1,1"
43,44,10,"1,1"
44,41,10,"1,1"
42,43,10,"1,1"
44,42,10,"1,1"
42,40,10,"1,1"
43,41,10,"1,1"
40,40,10,"1,1"
44,44,10,"1,1"
44,43,10,"1,1"
66,55,5,"1,6"
67,58,5,"0,7"
65,56,10,"2,4"
65,56,5,"0,7"
68,56,10,"2,4"
68,56,5,"1,7"
69,59,5,"0,6"
66,58,5,"1,7"
67,55,5,"0,6"
68,57,5,"1,6"
69,58,5,"0,7"
65,55,5,"0,6"
66,59,5,"1,6"
68,58,5,"1,7"
69,55,5,"0,6"
69,57,5,"0,6"
66,56,10,"0,4"
66,56,5,"1,7"
67,57,5,"0,6"
68,59,5,"1,6"
65,59,5,"0,6"
69,56,10,"0,4"
69,56,5,"0,7"
66,57,5,"1,6"
67,56,10,"2,5"
67,56,5,"0,7"
65,58,5,"0,7"
67,59,5,"0,6"
68,55,5,"1,6"
65,57,5,"0,6"
78,86,5,"1,7"
76,88,5,"1,7"
76,87,5,"1,6"
77,88,5,"0,7"
79,85,5,"0,6"
75,88,5,"0,7"
75,86,5,"0,7"
78,87,5,"1,6"
77,87,5,"0,6"
77,86,5,"0,7"
79,88,5,"0,7"
78,85,5,"1,6"
77,85,5,"0,6"
75,85,5,"0,6"
79,86,5,"0,7"
76,85,5,"1,6"
79,87,5,"0,6"
78,88,5,"1,7"
76,86,5,"1,7"
75,87,5,"0,6"
49,58,10,"1,1"
46,58,10,"0,1"
47,58,10,"1,1"
48,58,10,"1,1"
49,57,10,"1,1"
46,59,10,"0,1"
47,55,10,"1,1"
48,59,10,"1,1"
49,56,10,"1,1"
46,56,10,"0,1"
46,57,10,"0,1"
49,55,10,"1,1"
46,55,10,"0,1"
47,57,10,"1,1"
47,56,10,"1,1"
48,56,10,"1,1"
49,59,10,"1,1"
47,59,10,"1,1"
48,57,10,"1,1"
48,55,10,"1,1"
31,15,10,"1,2"
32,15,10,"1,2"
34,18,10,"0,1"
34,15,10,"1,1"
34,19,10,"0,1"
30,15,10,"0,2"
34,16,10,"1,1"
34,17,10,"0,1"
33,15,10,"1,1"
33,16,10,"0,2"
46,66,10,"0,1"
49,65,10,"1,1"
46,67,10,"0,2"
47,65,10,"1,1"
49,66,10,"1,1"
48,65,10,"1,1"
49,67,10,"1,2"
46,65,10,"0,1"
47,67,10,"1,2"
48,66,10,"1,1"
47,66,10,"1,1"
48,67,10,"1,2"
9,-2,10,"1,1"
9,-1,10,"1,1"
9,-3,10,"0,0"
78,39,5,"0,7"
75,39,5,"1,7"
78,36,10,"1,0"
75,38,5,"1,6"
76,36,10,"1,0"
78,37,10,"1,1"
77,39,5,"1,7"
79,37,10,"1,1"
76,37,10,"1,1"
77,38,10,"1,2"
77,38,5,"1,6"
79,36,10,"2,0"
76,38,10,"0,2"
76,38,5,"0,6"
77,37,10,"1,1"
79,39,5,"1,7"
76,39,5,"0,7"
77,36,10,"1,0"
79,38,10,"1,2"
79,38,5,"1,6"
75,37,10,"1,2"
75,37,5,"0,6"
78,38,10,"1,2"
78,38,5,"0,6"
75,36,10,"1,0"
70,57,5,"1,6"
71,55,5,"0,6"
72,58,5,"1,7"
73,57,11,"5,1"
73,57,5,"0,6"
71,57,5,"0,6"
72,59,5,"1,6"
73,55,5,"0,6"
73,56,10,"1,4"
73,56,11,"5,0"
73,56,5,"0,7"
71,56,10,"2,5"
71,56,5,"0,7"
70,55,5,"1,6"
74,58,11,"6,2"
74,58,5,"1,7"
71,59,5,"0,6"
70,58,5,"1,7"
74,59,11,"6,3"
74,59,5,"1,6"
71,58,5,"0,7"
72,55,5,"1,6"
70,59,5,"1,6"
74,56,10,"2,4"
74,56,11,"6,0"
74,56,5,"1,7"
72,56,10,"0,4"
72,56,5,"1,7"
73,59,11,"5,3"
73,59,5,"0,6"
70,56,10,"2,5"
70,56,5,"1,7"
74,55,5,"1,6"
74,57,11,"6,1"
74,57,5,"1,6"
72,57,5,"1,6"
73,58,11,"5,2"
73,58,5,"0,7"
73,36,10,"1,0"
74,38,5,"0,6"
70,37,10,"1,2"
70,37,5,"1,6"
71,37,10,"1,2"
71,37,5,"0,6"
74,39,5,"0,7"
71,36,10,"1,0"
74,36,10,"1,0"
71,39,5,"0,6"
74,37,10,"1,2"
74,37,5,"1,6"
71,38,5,"0,7"
72,36,10,"1,0"
73,39,5,"1,7"
70,38,5,"1,7"
72,37,10,"1,2"
72,37,5,"1,6"
73,38,5,"1,6"
70,39,5,"1,6"
72,38,5,"0,6"
73,37,10,"1,2"
73,37,5,"0,6"
70,36,10,"1,0"
72,39,5,"0,7"
107,42,10,"0,2"
109,44,10,"0,2"
106,41,80,"0,3"
108,40,10,"2,1"
108,40,90,"2,1"
108,40,5,"0,7"
109,43,10,"1,1"
106,40,80,"0,3"
108,41,10,"2,1"
108,41,90,"2,1"
108,41,5,"0,6"
109,42,10,"2,0"
109,42,5,"0,6"
105,40,80,"0,3"
108,42,10,"1,1"
108,42,5,"0,6"
109,41,5,"1,6"
107,41,80,"0,3"
107,41,10,"0,1"
107,41,90,"0,1"
105,41,80,"0,3"
108,43,10,"0,2"
109,40,5,"1,7"
107,40,80,"0,3"
107,40,10,"0,1"
107,40,90,"0,1"
9,0,10,"1,1"
9,3,10,"1,1"
9,4,10,"1,1"
9,2,10,"1,1"
9,1,10,"1,1"
110,41,5,"0,6"
114,41,10,"2,6"
114,41,5,"0,6"
112,41,5,"0,6"
113,42,5,"0,6"
111,41,5,"1,6"
112,42,5,"1,6"
113,41,5,"1,6"
114,44,10,"1,1"
111,40,5,"1,7"
112,43,10,"1,0"
112,43,5,"1,7"
113,40,5,"1,7"
110,44,10,"1,1"
111,43,10,"1,0"
111,43,5,"0,7"
112,44,10,"1,1"
110,42,5,"1,6"
114,42,10,"2,7"
114,42,5,"1,6"
111,42,5,"0,6"
110,43,10,"1,0"
110,43,5,"1,7"
114,43,10,"1,0"
114,43,5,"1,7"
111,44,10,"1,1"
110,40,5,"0,7"
114,40,5,"0,7"
112,40,5,"0,7"
113,43,10,"1,0"
113,43,5,"0,7"
113,44,10,"1,1"
61,74,5,"0,7"
61,73,5,"0,6"
64,72,5,"1,7"
63,74,5,"0,7"
64,70,10,"2,4"
64,70,5,"0,7"
61,71,5,"0,6"
60,70,10,"2,5"
60,70,5,"0,7"
61,72,5,"0,7"
64,73,5,"1,6"
64,71,5,"1,6"
62,74,5,"1,7"
60,72,5,"1,7"
60,71,5,"1,6"
64,74,5,"1,7"
61,70,10,"2,4"
61,70,5,"1,7"
60,73,5,"1,6"
63,72,5,"0,7"
62,72,5,"1,7"
60,74,5,"1,7"
62,70,10,"0,4"
62,70,5,"0,7"
63,73,5,"0,6"
62,73,5,"1,6"
63,70,10,"0,5"
63,70,5,"1,7"
62,71,5,"1,6"
63,71,5,"0,6"
10,-21,10,"0,1"
13,-24,5,"1,7"
12,-21,10,"2,0"
12,-21,5,"0,6"
11,-23,10,"2,1"
11,-25,10,"2,1"
10,-24,10,"0,1"
13,-25,5,"1,6"
14,-22,5,"0,7"
11,-24,10,"2,1"
10,-25,10,"0,1"
10,-23,10,"0,1"
14,-21,5,"0,6"
11,-21,10,"1,1"
14,-24,5,"0,7"
11,-22,10,"2,1"
13,-21,5,"1,6"
12,-24,5,"0,7"
12,-25,5,"0,6"
14,-23,5,"0,6"
13,-22,5,"1,7"
12,-23,5,"0,6"
14,-25,5,"0,6"
10,-22,10,"0,1"
13,-23,5,"1,6"
12,-22,5,"0,7"
33,41,10,"1,1"
30,42,10,"1,2"
31,42,10,"1,2"
33,40,10,"1,0"
33,40,5,"0,6"
34,42,10,"1,2"
30,40,10,"1,1"
30,40,5,"1,6"
30,41,10,"1,1"
34,40,10,"1,0"
34,40,5,"1,6"
32,40,10,"1,0"
32,40,5,"1,6"
31,41,10,"1,1"
34,41,10,"1,1"
32,41,10,"1,1"
31,40,10,"1,0"
31,40,5,"0,6"
33,42,10,"1,2"
32,42,10,"1,2"
57,87,5,"0,6"
57,88,5,"0,7"
58,86,5,"1,7"
55,87,5,"0,6"
58,88,5,"1,7"
56,88,5,"1,7"
57,86,5,"0,7"
58,87,5,"1,6"
55,86,5,"0,7"
59,85,5,"0,6"
57,85,5,"0,6"
55,88,5,"0,7"
58,85,5,"1,6"
59,87,5,"0,6"
59,88,5,"0,7"
56,85,5,"1,6"
59,86,5,"0,7"
55,85,5,"0,6"
56,86,5,"1,7"
56,87,5,"1,6"
48,37,5,"0,6"
49,38,5,"1,7"
47,38,5,"1,7"
48,38,5,"0,7"
46,38,5,"0,7"
45,39,10,"1,0"
45,39,5,"1,6"
49,37,5,"1,6"
48,39,5,"0,6"
46,39,10,"1,0"
46,39,5,"0,6"
45,38,5,"1,7"
49,35,10,"1,2"
49,35,5,"1,6"
49,36,5,"1,7"
46,36,5,"0,7"
45,37,5,"1,6"
47,35,10,"1,2"
47,35,5,"1,6"
46,37,5,"0,6"
45,36,5,"1,7"
47,37,5,"1,6"
48,35,10,"1,2"
48,35,5,"0,6"
46,35,10,"1,2"
46,35,5,"0,6"
45,35,10,"1,2"
45,35,5,"1,6"
47,36,5,"1,7"
48,36,5,"0,7"
49,39,5,"1,6"
47,39,10,"2,0"
47,39,5,"1,6"
53,53,10,"2,1"
53,53,5,"0,6"
54,51,10,"1,2"
54,51,5,"1,6"
50,54,10,"1,1"
51,50,10,"1,1"
53,52,10,"2,1"
53,52,5,"0,7"
51,53,10,"1,1"
53,51,10,"1,1"
53,51,5,"0,6"
50,52,10,"1,1"
51,52,10,"1,1"
53,50,10,"1,1"
53,50,5,"0,7"
54,54,5,"1,7"
50,53,10,"1,1"
52,50,10,"1,1"
50,50,10,"1,1"
51,54,10,"1,1"
52,52,10,"1,1"
52,51,10,"1,1"
54,52,5,"1,7"
50,51,10,"1,1"
52,53,10,"1,1"
53,54,10,"2,1"
53,54,5,"0,7"
54,50,10,"1,1"
54,50,5,"1,7"
54,53,5,"1,6"
51,51,10,"1,1"
52,54,10,"1,1"
80,87,5,"1,6"
80,85,5,"1,6"
80,88,5,"1,7"
80,86,5,"1,7"
8,38,10,"1,1"
5,39,10,"1,1"
9,37,10,"1,1"
6,36,10,"1,1"
7,35,10,"1,1"
8,39,10,"1,1"
5,38,10,"1,1"
9,35,10,"1,1"
9,36,10,"1,1"
6,37,10,"1,1"
7,37,10,"1,1"
5,37,10,"1,1"
6,35,10,"1,1"
7,36,10,"1,1"
5,36,10,"1,1"
7,39,10,"1,1"
8,35,10,"1,1"
5,35,10,"0,1"
7,38,10,"1,1"
8,36,10,"1,1"
9,39,10,"2,1"
9,39,5,"0,7"
6,38,10,"1,1"
8,37,10,"1,1"
9,38,10,"2,1"
9,38,5,"0,6"
6,39,10,"1,1"
52,84,5,"1,7"
52,83,5,"1,6"
53,83,5,"0,6"
50,80,5,"1,7"
51,84,5,"0,7"
53,82,5,"0,7"
54,82,5,"1,7"
50,81,5,"1,6"
54,84,5,"1,7"
53,81,5,"0,6"
54,83,5,"1,6"
51,81,5,"0,6"
50,84,5,"1,7"
53,80,5,"0,7"
51,83,5,"0,6"
54,80,5,"1,7"
51,80,5,"0,7"
52,80,5,"1,7"
54,81,5,"1,6"
52,81,5,"1,6"
50,82,5,"1,7"
51,82,5,"0,7"
52,82,5,"1,7"
50,83,5,"1,6"
53,84,5,"0,7"
15,-21,5,"1,6"
17,-21,10,"2,1"
16,-24,10,"0,1"
15,-22,5,"1,7"
17,-22,10,"2,1"
16,-23,10,"0,1"
16,-25,10,"0,1"
15,-25,5,"1,6"
17,-23,10,"2,1"
16,-22,10,"0,1"
17,-24,10,"2,1"
16,-21,10,"0,1"
15,-23,5,"1,6"
17,-25,10,"2,1"
15,-24,5,"1,7"
35,28,10,"2,2"
35,28,5,"1,6"
36,25,10,"2,1"
36,25,5,"0,7"
37,26,5,"1,6"
38,28,5,"0,6"
39,27,5,"1,7"
36,26,10,"2,1"
36,26,5,"0,6"
37,25,5,"1,7"
38,26,5,"0,6"
38,29,5,"0,7"
35,25,10,"1,1"
39,29,5,"1,7"
39,26,5,"1,6"
36,28,5,"0,6"
36,27,10,"2,2"
36,27,5,"0,7"
38,27,5,"0,7"
39,28,5,"1,6"
36,29,5,"0,7"
35,27,10,"1,1"
37,29,5,"1,7"
38,25,5,"0,7"
35,26,10,"1,1"
37,28,5,"1,6"
35,29,5,"1,7"
39,25,5,"1,7"
37,27,5,"1,7"
40,29,10,"0,1"
40,29,5,"0,7"
44,25,10,"2,1"
42,27,10,"1,1"
44,26,10,"2,1"
41,29,10,"1,1"
43,25,10,"1,1"
44,28,10,"2,1"
44,27,10,"2,1"
41,27,10,"1,1"
41,28,10,"1,1"
42,25,10,"1,1"
40,25,10,"0,1"
40,25,5,"0,7"
44,29,10,"1,1"
41,26,10,"1,1"
43,27,10,"1,1"
40,26,10,"0,1"
40,26,5,"0,6"
41,25,10,"1,1"
42,28,10,"1,1"
43,26,10,"1,1"
40,27,10,"0,1"
40,27,5,"0,7"
42,29,10,"1,1"
43,29,10,"1,1"
40,28,10,"0,1"
40,28,5,"0,6"
42,26,10,"1,1"
43,28,10,"1,1"
39,17,5,"1,7"
36,18,10,"2,1"
36,18,5,"0,6"
36,15,10,"2,1"
36,15,5,"0,7"
37,17,5,"1,7"
35,17,10,"1,1"
39,16,5,"1,6"
36,19,10,"2,1"
36,19,5,"0,7"
37,16,5,"1,6"
35,16,10,"1,1"
38,15,5,"0,7"
39,19,5,"1,7"
38,18,5,"0,6"
35,19,10,"1,1"
39,18,5,"1,6"
35,15,10,"1,1"
38,19,5,"0,7"
35,18,10,"1,1"
37,15,5,"1,7"
38,16,5,"0,6"
36,16,10,"2,1"
36,16,5,"0,6"
37,19,5,"1,7"
38,17,5,"0,7"
39,15,5,"1,7"
36,17,10,"2,1"
36,17,5,"0,7"
37,18,5,"1,6"
61,38,10,"1,1"
62,37,10,"1,1"
64,36,10,"1,1"
63,37,10,"1,1"
60,38,10,"1,1"
61,37,10,"1,1"
62,35,10,"1,0"
64,37,10,"1,1"
63,36,10,"1,1"
60,39,10,"1,1"
61,36,10,"1,1"
64,38,10,"1,1"
63,39,10,"1,1"
61,35,10,"1,0"
64,39,10,"1,1"
63,38,10,"1,1"
62,38,10,"1,1"
62,39,10,"1,1"
60,36,10,"1,1"
60,35,10,"1,0"
61,39,10,"1,1"
62,36,10,"1,1"
64,35,10,"2,0"
63,35,10,"1,0"
60,37,10,"1,1"
18,41,10,"1,1"
16,41,10,"1,1"
17,42,10,"1,2"
15,41,10,"1,1"
19,42,10,"1,2"
16,42,10,"1,2"
17,41,10,"1,1"
15,40,10,"1,1"
15,40,5,"0,6"
17,40,10,"1,1"
17,40,5,"0,6"
18,42,10,"1,2"
15,42,10,"1,2"
19,41,10,"1,1"
18,40,10,"1,1"
18,40,5,"1,6"
19,40,10,"1,1"
19,40,5,"0,6"
16,40,10,"1,1"
16,40,5,"1,6"
71,74,5,"0,7"
72,74,5,"1,7"
70,72,5,"1,7"
71,72,5,"0,7"
70,73,5,"1,6"
74,74,5,"1,7"
72,70,10,"1,4"
72,70,5,"0,7"
73,74,5,"0,7"
70,70,10,"2,4"
70,70,5,"0,7"
72,71,5,"1,6"
73,73,5,"0,6"
70,71,5,"1,6"
74,70,10,"0,4"
74,70,5,"0,7"
74,72,5,"1,7"
72,72,5,"1,7"
70,74,5,"1,7"
73,71,5,"0,6"
73,72,5,"0,7"
71,71,5,"0,6"
74,71,5,"1,6"
74,73,5,"1,6"
72,73,5,"1,6"
73,70,10,"2,4"
73,70,5,"1,7"
71,73,5,"0,6"
71,70,10,"0,4"
71,70,5,"1,7"
92,41,80,"0,3"
94,40,80,"0,3"
93,41,80,"0,3"
90,40,80,"0,3"
91,41,80,"0,3"
94,41,80,"0,3"
93,40,80,"0,3"
90,41,80,"0,3"
91,40,80,"0,3"
92,40,80,"0,3"
21,28,10,"1,2"
21,28,5,"1,6"
24,28,10,"1,2"
24,28,5,"0,6"
21,27,10,"1,1"
24,29,5,"0,7"
21,26,10,"1,0"
22,28,10,"1,2"
22,28,5,"0,6"
23,27,10,"1,1"
20,26,10,"1,0"
22,26,10,"1,0"
22,29,5,"0,7"
23,29,5,"1,7"
23,26,10,"1,0"
20,28,10,"1,2"
20,28,5,"0,6"
20,27,10,"1,1"
24,25,10,"0,0"
22,27,10,"1,1"
23,28,10,"1,2"
23,28,5,"1,6"
20,29,5,"0,7"
24,26,10,"1,1"
21,29,5,"1,7"
24,27,10,"1,1"
18,-3,10,"2,0"
16,-5,10,"1,1"
15,-5,10,"0,1"
15,-5,5,"1,6"
16,-4,10,"1,1"
17,-2,10,"1,1"
15,-3,10,"0,1"
15,-3,5,"1,6"
16,-2,10,"1,1"
17,-1,10,"1,1"
16,-3,10,"1,1"
15,-4,10,"0,1"
15,-4,5,"1,7"
17,-3,10,"1,1"
16,-1,10,"1,1"
18,-1,10,"2,1"
17,-5,10,"2,1"
15,-2,10,"0,1"
15,-2,5,"1,7"
17,-4,10,"2,1"
18,-2,10,"2,1"
15,-1,10,"0,1"
15,-1,5,"1,6"
66,66,10,"1,0"
66,66,5,"1,6"
66,67,10,"1,1"
66,67,5,"0,6"
67,66,10,"1,0"
67,66,5,"0,6"
67,67,10,"1,1"
67,67,5,"1,6"
65,65,5,"0,7"
68,65,5,"1,7"
66,65,5,"1,7"
65,66,10,"1,0"
65,66,5,"0,6"
67,69,5,"1,6"
68,66,10,"1,0"
68,66,5,"1,6"
69,69,5,"1,6"
65,67,10,"1,1"
65,67,5,"1,6"
68,68,10,"1,2"
68,68,5,"0,7"
68,67,10,"1,1"
68,67,5,"0,6"
69,65,10,"2,7"
69,65,5,"0,7"
67,65,5,"0,7"
69,68,10,"1,2"
69,68,5,"1,7"
65,68,10,"1,2"
65,68,5,"1,7"
66,68,10,"1,2"
66,68,5,"0,7"
68,69,5,"0,6"
65,69,5,"1,6"
69,67,10,"1,1"
69,67,5,"1,6"
66,69,5,"0,6"
69,66,10,"1,0"
69,66,5,"0,6"
67,68,10,"1,2"
67,68,5,"1,7"
36,34,10,"1,1"
38,31,10,"1,0"
38,31,5,"0,7"
37,33,10,"1,1"
35,33,10,"1,1"
39,32,10,"1,1"
37,32,10,"1,1"
35,31,10,"1,0"
35,31,5,"1,7"
35,32,10,"1,1"
35,30,5,"1,6"
38,34,10,"1,1"
37,31,10,"1,0"
37,31,5,"1,7"
39,34,10,"1,1"
35,34,10,"1,2"
35,34,5,"0,6"
37,30,5,"1,6"
39,31,10,"1,0"
39,31,5,"1,7"
38,32,10,"1,1"
36,30,5,"0,6"
36,32,10,"1,1"
39,30,5,"1,6"
38,33,10,"1,1"
36,31,10,"1,0"
36,31,5,"0,7"
36,33,10,"1,1"
38,30,5,"0,6"
37,34,10,"1,1"
39,33,10,"1,1"
65,50,5,"0,7"
67,53,5,"0,6"
69,51,5,"0,6"
66,52,5,"1,7"
67,52,5,"0,7"
69,50,5,"0,7"
66,53,5,"1,6"
68,50,5,"1,7"
66,50,5,"1,7"
67,54,5,"0,7"
68,52,5,"1,7"
68,51,5,"1,6"
65,54,5,"0,7"
66,51,5,"1,6"
68,53,5,"1,6"
69,54,5,"0,7"
65,53,5,"0,6"
67,51,5,"0,6"
68,54,5,"1,7"
69,53,5,"0,6"
65,51,5,"0,6"
65,52,5,"0,7"
66,54,5,"1,7"
67,50,5,"0,7"
69,52,5,"0,7"
38,22,5,"0,6"
35,23,10,"1,1"
39,24,5,"1,6"
38,23,5,"0,7"
35,22,10,"1,1"
36,20,10,"2,1"
36,20,5,"0,6"
37,23,5,"1,7"
38,20,5,"0,6"
36,21,10,"2,1"
36,21,5,"0,7"
37,22,5,"1,6"
37,24,5,"1,6"
38,21,5,"0,7"
35,24,10,"1,1"
39,21,5,"1,7"
36,22,10,"2,1"
36,22,5,"0,6"
37,21,5,"1,7"
38,24,5,"0,6"
39,20,5,"1,6"
36,23,10,"2,1"
36,23,5,"0,7"
37,20,5,"1,6"
35,21,10,"1,1"
39,23,5,"1,7"
35,20,10,"1,1"
39,22,5,"1,6"
36,24,10,"2,1"
36,24,5,"0,6"
45,40,10,"1,1"
46,40,10,"1,1"
48,40,5,"1,6"
49,43,5,"0,7"
49,44,5,"0,6"
46,41,10,"1,1"
48,41,5,"1,7"
49,42,5,"0,6"
47,41,10,"2,1"
47,41,5,"0,7"
48,42,5,"1,6"
45,44,10,"1,1"
49,41,5,"0,7"
47,40,10,"2,1"
47,40,5,"0,6"
48,43,5,"1,7"
45,43,10,"1,1"
49,40,5,"0,6"
46,44,10,"1,1"
47,43,10,"2,1"
47,43,5,"0,7"
48,44,5,"1,6"
45,42,10,"1,1"
46,42,10,"1,1"
47,42,10,"2,1"
47,42,5,"0,6"
45,41,10,"1,1"
46,43,10,"1,1"
47,44,10,"2,1"
47,44,5,"0,6"
9,30,10,"1,1"
8,32,10,"0,1"
6,34,10,"1,1"
8,30,10,"0,1"
7,34,10,"1,1"
8,33,10,"1,1"
9,34,10,"1,1"
8,31,10,"0,1"
8,34,10,"1,1"
9,33,10,"1,1"
9,32,10,"1,1"
6,33,10,"1,0"
5,34,10,"0,1"
7,33,10,"1,0"
5,33,10,"0,0"
9,31,10,"1,1"
81,39,10,"2,1"
80,37,10,"1,0"
81,38,10,"2,1"
80,38,10,"1,1"
80,38,5,"0,6"
81,37,10,"2,0"
80,39,10,"0,1"
80,39,5,"0,7"
55,34,10,"2,0"
66,42,10,"1,1"
69,40,10,"2,6"
69,40,5,"0,7"
67,40,10,"2,1"
67,40,5,"0,7"
66,43,10,"1,2"
66,43,5,"0,6"
67,43,10,"1,2"
67,43,5,"1,6"
66,40,10,"1,1"
67,42,10,"1,1"
65,43,10,"1,2"
65,43,5,"1,6"
65,44,5,"1,7"
66,41,10,"1,1"
69,44,5,"1,7"
65,42,10,"1,1"
68,40,5,"1,7"
69,43,10,"1,2"
69,43,5,"1,6"
67,44,5,"1,7"
65,41,10,"1,1"
68,41,5,"1,6"
66,44,5,"0,7"
69,42,10,"1,0"
65,40,10,"1,1"
68,42,10,"1,0"
69,41,10,"2,7"
69,41,5,"0,6"
67,41,10,"2,1"
67,41,5,"0,6"
68,44,5,"0,7"
68,43,10,"1,2"
68,43,5,"0,6"
49,78,5,"0,6"
49,79,5,"0,6"
49,76,5,"0,7"
49,75,5,"0,6"
49,77,5,"0,6"
120,37,10,"0,1"
120,37,5,"0,6"
121,38,10,"2,1"
120,38,10,"0,1"
120,38,5,"0,7"
121,37,10,"2,0"
120,39,10,"0,1"
120,39,5,"0,6"
120,36,10,"2,0"
121,39,10,"2,1"
17,-26,10,"2,1"
16,-27,10,"1,1"
15,-27,10,"0,1"
15,-27,5,"1,6"
17,-27,10,"2,1"
16,-26,10,"1,1"
15,-28,10,"0,1"
15,-28,5,"1,7"
17,-29,10,"2,0"
17,-28,10,"2,1"
15,-26,10,"0,2"
15,-26,5,"1,7"
16,-29,10,"1,0"
16,-28,10,"1,1"
15,-29,10,"0,0"
15,-29,5,"1,6"
57,60,5,"0,6"
56,64,5,"1,6"
55,63,5,"0,7"
58,63,5,"1,7"
55,64,5,"0,6"
55,62,5,"0,6"
58,62,5,"1,6"
58,60,5,"1,6"
58,61,5,"1,7"
59,61,5,"0,7"
59,64,5,"0,6"
56,60,5,"1,6"
57,63,5,"0,7"
57,64,5,"0,6"
58,64,5,"1,6"
59,60,5,"0,6"
56,61,5,"1,7"
57,62,5,"0,6"
55,61,5,"0,7"
59,63,5,"0,7"
56,62,5,"1,6"
57,61,5,"0,7"
55,60,5,"0,6"
59,62,5,"0,6"
56,63,5,"1,7"
99,41,80,"0,3"
99,40,80,"0,3"
98,40,80,"0,3"
96,40,80,"0,3"
95,41,80,"0,3"
98,41,80,"0,3"
96,41,80,"0,3"
95,40,80,"0,3"
97,41,80,"0,3"
97,40,80,"0,3"
16,11,5,"0,7"
18,13,10,"1,0"
18,13,5,"1,6"
15,11,5,"0,7"
16,12,5,"0,6"
19,14,10,"1,2"
18,10,5,"0,6"
15,13,10,"1,0"
15,13,5,"0,6"
15,10,5,"0,6"
16,13,10,"1,0"
16,13,5,"1,6"
17,14,10,"1,2"
18,11,5,"0,7"
15,12,5,"0,6"
16,14,10,"1,2"
19,11,5,"1,7"
17,13,10,"1,0"
17,13,5,"0,6"
19,10,5,"1,6"
17,11,5,"1,7"
17,12,5,"1,6"
18,14,10,"1,2"
15,14,10,"1,2"
19,13,10,"1,0"
19,13,5,"0,6"
17,10,5,"1,6"
16,10,5,"0,6"
19,12,5,"1,6"
18,12,5,"0,6"
55,72,5,"0,7"
56,74,5,"1,7"
59,73,5,"0,6"
59,71,5,"0,6"
55,74,5,"0,7"
59,72,5,"0,7"
59,70,10,"0,4"
59,70,5,"1,7"
57,74,5,"0,7"
58,74,5,"1,7"
56,70,10,"0,4"
56,70,5,"0,7"
57,73,5,"0,6"
59,74,5,"0,7"
56,71,5,"1,6"
57,71,5,"0,6"
57,72,5,"0,7"
58,70,10,"2,4"
58,70,5,"0,7"
55,71,5,"0,6"
58,72,5,"1,7"
56,72,5,"1,7"
57,70,10,"1,4"
57,70,5,"1,7"
58,71,5,"1,6"
55,73,5,"0,6"
55,70,10,"2,4"
55,70,5,"1,7"
58,73,5,"1,6"
56,73,5,"1,6"
67,70,10,"2,4"
67,70,5,"1,7"
68,74,5,"1,7"
65,71,5,"0,6"
68,71,5,"1,6"
65,72,5,"0,7"
69,74,5,"0,7"
66,72,5,"1,7"
65,74,5,"0,7"
69,71,5,"0,6"
69,73,5,"0,6"
66,73,5,"1,6"
67,73,5,"0,6"
67,71,5,"0,6"
68,72,5,"1,7"
69,70,10,"2,5"
69,70,5,"1,7"
69,72,5,"0,7"
66,70,10,"1,4"
66,70,5,"0,7"
65,73,5,"0,6"
68,73,5,"1,6"
66,71,5,"1,6"
67,72,5,"0,7"
67,74,5,"0,7"
68,70,10,"0,4"
68,70,5,"0,7"
66,74,5,"1,7"
65,70,10,"2,5"
65,70,5,"1,7"
53,62,10,"2,1"
53,62,5,"0,6"
50,63,10,"1,1"
52,62,10,"1,1"
53,61,10,"2,1"
53,61,5,"0,7"
50,60,10,"1,1"
53,64,10,"2,1"
53,64,5,"0,6"
52,63,10,"1,1"
54,64,5,"1,6"
53,60,10,"2,1"
53,60,5,"0,6"
51,64,10,"1,1"
54,62,5,"1,6"
50,61,10,"1,1"
51,61,10,"1,1"
50,64,10,"1,1"
54,63,5,"1,7"
51,60,10,"1,1"
54,60,5,"1,6"
51,63,10,"1,1"
54,61,5,"1,7"
51,62,10,"1,1"
52,60,10,"1,1"
53,63,10,"2,1"
53,63,5,"0,7"
50,62,10,"1,1"
52,61,10,"1,1"
52,64,10,"1,1"
72,67,10,"1,1"
72,67,5,"0,6"
73,69,11,"5,3"
73,69,5,"1,6"
70,67,10,"1,1"
70,67,5,"0,6"
71,65,5,"0,7"
74,69,11,"6,3"
74,69,5,"0,6"
72,68,10,"2,2"
72,68,5,"0,7"
73,67,10,"1,2"
73,67,11,"5,1"
73,67,5,"1,6"
73,68,11,"5,2"
73,68,5,"1,7"
74,66,10,"1,0"
74,66,11,"6,0"
74,66,5,"1,6"
72,69,5,"0,6"
73,66,10,"1,0"
73,66,11,"5,0"
73,66,5,"0,6"
70,65,10,"3,7"
70,65,5,"1,7"
71,67,10,"1,1"
71,67,5,"1,6"
74,67,10,"1,2"
74,67,11,"6,1"
74,67,5,"0,6"
73,65,5,"0,7"
71,69,5,"1,6"
71,66,10,"1,0"
71,66,5,"0,6"
71,68,10,"1,2"
71,68,5,"1,7"
74,65,5,"1,7"
72,65,5,"1,7"
70,68,10,"1,2"
70,68,5,"0,7"
72,66,10,"1,0"
72,66,5,"1,6"
70,66,10,"1,0"
70,66,5,"1,6"
70,69,5,"0,6"
74,68,11,"6,2"
74,68,5,"0,7"
49,72,5,"0,7"
49,73,5,"0,6"
49,74,5,"0,6"
33,34,10,"1,2"
33,34,5,"0,6"
30,31,10,"1,0"
30,31,5,"0,7"
32,34,10,"1,2"
32,34,5,"1,6"
33,30,5,"1,6"
33,33,10,"1,1"
30,32,10,"1,1"
32,30,5,"0,6"
33,32,10,"1,1"
30,33,10,"1,1"
32,31,10,"1,0"
32,31,5,"0,7"
34,30,5,"0,6"
34,34,10,"1,2"
34,34,5,"1,6"
31,33,10,"1,1"
34,31,10,"1,0"
34,31,5,"0,7"
31,32,10,"1,1"
31,31,10,"1,0"
31,31,5,"1,7"
34,32,10,"1,1"
32,32,10,"1,1"
31,30,5,"1,6"
30,34,10,"1,2"
30,34,5,"1,6"
34,33,10,"1,1"
30,30,5,"0,6"
31,34,10,"1,2"
31,34,5,"0,6"
32,33,10,"1,1"
33,31,10,"1,0"
33,31,5,"1,7"
115,39,5,"1,6"
116,36,10,"1,2"
116,36,5,"1,6"
116,35,10,"1,0"
117,39,5,"1,6"
119,38,5,"1,7"
119,35,10,"2,0"
115,37,5,"1,6"
117,38,5,"1,7"
116,38,5,"0,7"
117,37,5,"1,6"
118,35,10,"1,0"
118,37,5,"0,6"
119,36,10,"1,2"
119,36,5,"0,6"
117,36,10,"1,2"
117,36,5,"0,6"
118,36,10,"1,2"
118,36,5,"1,6"
116,39,5,"0,6"
119,37,5,"1,6"
117,35,10,"1,0"
119,39,5,"1,6"
118,39,5,"0,6"
115,36,10,"1,2"
115,36,5,"0,6"
115,35,10,"1,0"
115,38,5,"1,7"
118,38,5,"0,7"
116,37,5,"0,6"
19,6,10,"1,1"
17,8,10,"0,2"
17,8,5,"1,6"
15,5,5,"1,6"
19,9,5,"1,7"
18,5,10,"1,1"
19,8,10,"1,2"
19,8,5,"1,6"
17,7,10,"1,1"
15,7,5,"0,7"
16,5,10,"0,1"
17,6,10,"1,1"
15,6,5,"0,6"
18,8,10,"1,2"
18,8,5,"0,6"
16,8,5,"0,6"
19,5,10,"1,1"
16,6,10,"0,1"
16,6,5,"1,6"
17,5,10,"1,1"
18,9,5,"0,7"
16,9,5,"0,7"
16,7,10,"0,2"
16,7,5,"1,7"
18,6,10,"1,1"
15,9,5,"0,7"
19,7,10,"1,1"
17,9,5,"1,7"
18,7,10,"1,1"
15,8,5,"0,6"
33,11,5,"0,7"
33,12,5,"0,6"
34,14,10,"1,1"
31,14,10,"1,1"
33,10,5,"0,6"
30,14,10,"1,1"
32,10,10,"5,7"
32,10,5,"1,6"
34,12,5,"1,6"
32,11,10,"9,6"
32,11,5,"1,7"
30,12,5,"1,6"
34,13,10,"1,0"
34,13,5,"1,6"
31,11,10,"8,6"
31,11,5,"0,7"
32,12,10,"9,7"
32,12,5,"1,6"
30,10,5,"1,6"
30,13,10,"1,0"
30,13,5,"1,6"
34,10,5,"1,6"
31,13,10,"1,0"
31,13,5,"0,6"
31,10,10,"4,7"
31,10,5,"0,6"
32,13,10,"1,0"
32,13,5,"1,6"
33,14,10,"1,1"
30,11,5,"1,7"
34,11,5,"1,7"
31,12,10,"8,7"
31,12,5,"0,6"
32,14,10,"1,1"
33,13,10,"1,0"
33,13,5,"0,6"
62,44,5,"0,7"
63,43,10,"1,2"
63,43,5,"1,6"
61,44,5,"1,7"
62,42,10,"1,1"
60,40,10,"1,1"
63,42,10,"1,1"
61,43,10,"1,2"
61,43,5,"1,6"
62,43,10,"1,2"
62,43,5,"0,6"
64,40,10,"1,1"
60,41,10,"1,1"
63,44,5,"1,7"
61,42,10,"1,1"
62,40,10,"1,1"
64,41,10,"1,1"
60,42,10,"1,1"
61,41,10,"1,1"
62,41,10,"1,1"
64,42,10,"1,1"
60,44,5,"0,7"
60,43,10,"1,2"
60,43,5,"0,6"
61,40,10,"1,1"
64,43,10,"1,2"
64,43,5,"0,6"
63,41,10,"1,1"
64,44,5,"0,7"
63,40,10,"1,1"
46,29,10,"2,0"
45,29,10,"1,0"
68,88,5,"1,7"
69,86,5,"0,7"
69,88,5,"0,7"
67,87,5,"0,6"
65,88,5,"0,7"
66,85,5,"1,6"
67,85,5,"0,6"
69,85,5,"0,6"
66,88,5,"1,7"
67,88,5,"0,7"
68,85,5,"1,6"
67,86,5,"0,7"
68,86,5,"1,7"
65,85,5,"0,6"
66,86,5,"1,7"
68,87,5,"1,6"
65,86,5,"0,7"
66,87,5,"1,6"
65,87,5,"0,6"
69,87,5,"0,6"
17,-13,10,"2,1"
17,-12,10,"2,1"
17,-14,10,"2,1"
16,-15,10,"0,1"
15,-13,5,"1,6"
17,-15,10,"2,1"
16,-14,10,"0,1"
15,-11,5,"1,6"
15,-14,5,"1,7"
16,-13,10,"0,1"
15,-12,5,"1,7"
16,-12,10,"0,1"
16,-11,10,"0,1"
17,-11,10,"2,1"
15,-15,5,"1,6"
79,63,5,"0,7"
76,62,5,"1,6"
75,61,5,"0,7"
77,63,5,"0,7"
79,62,5,"0,6"
76,63,5,"1,7"
78,62,5,"1,6"
79,64,5,"0,6"
78,64,5,"1,6"
78,63,5,"1,7"
76,64,5,"1,6"
77,64,5,"0,6"
75,64,5,"0,6"
78,60,10,"1,4"
78,60,5,"1,6"
75,62,5,"0,6"
77,60,10,"2,5"
77,60,5,"0,6"
78,61,5,"1,7"
76,61,5,"1,7"
79,61,5,"0,7"
75,63,5,"0,7"
77,61,5,"0,7"
76,60,10,"2,4"
76,60,5,"1,6"
79,60,10,"2,4"
79,60,5,"0,6"
75,60,10,"1,4"
75,60,5,"0,6"
77,62,5,"0,6"
54,56,10,"0,4"
54,56,5,"1,7"
51,59,10,"1,1"
52,55,10,"1,1"
54,57,5,"1,6"
50,55,10,"1,1"
51,58,10,"1,1"
52,56,10,"1,1"
53,59,10,"2,1"
53,59,5,"0,6"
50,58,10,"1,1"
51,55,10,"1,1"
52,57,10,"1,1"
53,58,10,"2,1"
53,58,5,"0,7"
50,59,10,"1,1"
54,55,5,"1,6"
52,58,10,"1,1"
53,55,10,"2,1"
53,55,5,"0,6"
53,57,10,"2,1"
53,57,5,"0,6"
54,58,5,"1,7"
50,56,10,"1,1"
51,57,10,"1,1"
52,59,10,"1,1"
53,56,10,"1,1"
53,56,5,"0,7"
54,59,5,"1,6"
50,57,10,"1,1"
51,56,10,"1,1"
40,22,10,"0,1"
40,22,5,"0,6"
41,21,10,"1,1"
43,20,10,"2,1"
40,23,10,"0,1"
40,23,5,"0,7"
41,20,10,"1,1"
42,22,10,"1,1"
42,24,10,"1,1"
43,23,10,"1,1"
40,24,10,"0,1"
40,24,5,"0,6"
42,23,10,"1,1"
43,24,10,"1,1"
43,22,10,"2,1"
42,20,10,"1,1"
42,21,10,"1,1"
40,20,10,"0,1"
40,20,5,"0,6"
41,23,10,"1,1"
41,24,10,"1,1"
40,21,10,"0,1"
40,21,5,"0,7"
44,24,10,"2,1"
44,23,10,"2,0"
41,22,10,"1,1"
43,21,10,"2,1"
44,34,10,"1,1"
41,34,10,"1,1"
41,30,10,"1,1"
43,33,10,"1,1"
40,34,10,"1,1"
43,31,10,"1,1"
40,30,10,"0,1"
40,30,5,"0,6"
41,33,10,"1,1"
43,32,10,"1,1"
43,30,10,"1,1"
40,31,10,"1,1"
40,31,5,"0,7"
41,32,10,"1,1"
42,30,10,"1,1"
42,34,10,"1,1"
42,31,10,"1,1"
43,34,10,"1,1"
44,30,10,"1,1"
44,32,10,"1,1"
44,31,10,"1,1"
42,32,10,"1,1"
40,32,10,"1,1"
44,33,10,"1,1"
41,31,10,"1,1"
42,33,10,"1,1"
40,33,10,"1,1"
17,-6,10,"2,1"
16,-7,10,"1,1"
16,-9,10,"0,1"
15,-7,10,"0,1"
15,-7,5,"1,6"
17,-7,10,"2,1"
16,-6,10,"1,1"
15,-8,10,"0,0"
15,-8,5,"1,7"
17,-8,10,"2,1"
15,-6,10,"0,1"
15,-6,5,"1,7"
17,-9,10,"2,1"
15,-9,5,"1,6"
17,-10,10,"2,1"
15,-10,5,"1,7"
16,-8,10,"1,1"
16,-10,10,"0,1"
50,66,10,"1,1"
53,65,10,"2,1"
53,65,5,"0,7"
54,67,10,"1,2"
54,67,5,"0,6"
51,65,10,"1,1"
50,67,10,"1,2"
54,65,5,"1,7"
51,67,10,"1,1"
52,65,10,"1,1"
50,65,10,"1,1"
53,69,5,"1,6"
52,67,10,"1,1"
52,67,5,"0,6"
51,66,10,"1,1"
53,68,5,"1,7"
52,66,10,"1,1"
51,69,10,"0,1"
52,68,10,"2,1"
52,68,5,"0,7"
53,67,10,"1,2"
53,67,5,"1,6"
54,68,5,"0,7"
51,68,10,"0,1"
52,69,10,"2,1"
52,69,5,"0,6"
53,66,10,"1,1"
53,66,5,"0,6"
54,66,10,"1,0"
54,66,5,"1,6"
54,69,5,"0,6"
17,-19,10,"2,1"
16,-16,10,"1,1"
16,-18,10,"1,1"
15,-16,10,"0,2"
15,-16,5,"1,7"
17,-20,10,"2,1"
16,-17,10,"1,1"
15,-19,10,"0,0"
15,-19,5,"1,6"
15,-20,5,"1,7"
17,-16,10,"2,1"
15,-17,10,"0,1"
15,-17,5,"1,6"
15,-18,10,"0,1"
15,-18,5,"1,7"
17,-17,10,"2,1"
16,-20,10,"0,1"
17,-18,10,"2,1"
16,-19,10,"1,1"
8,11,10,"1,1"
8,12,10,"1,1"
8,13,10,"1,1"
9,14,10,"1,2"
8,14,10,"0,2"
9,13,10,"1,1"
9,13,5,"0,6"
7,11,10,"0,1"
9,11,10,"2,1"
9,11,5,"0,7"
7,13,10,"0,2"
9,12,10,"2,1"
9,12,5,"0,6"
7,10,10,"0,1"
9,10,10,"2,1"
9,10,5,"0,6"
7,12,10,"0,1"
8,10,10,"1,1"
49,80,5,"0,7"
49,81,5,"0,6"
49,82,5,"0,7"
49,83,5,"0,6"
49,84,5,"0,7"
108,37,10,"2,1"
108,37,5,"0,6"
109,38,5,"1,7"
108,38,10,"2,1"
108,38,5,"0,7"
109,37,5,"1,6"
108,39,10,"2,1"
108,39,5,"0,6"
109,36,10,"1,2"
109,36,5,"0,6"
107,37,10,"0,0"
109,35,10,"0,0"
107,39,10,"0,1"
107,38,10,"0,1"
108,36,10,"0,0"
109,39,5,"1,6"
66,60,10,"1,4"
66,60,5,"1,6"
68,63,5,"1,7"
67,64,5,"0,6"
69,60,10,"2,5"
69,60,5,"0,6"
66,61,5,"1,7"
67,61,5,"0,7"
68,64,5,"1,6"
69,64,10,"2,6"
69,64,5,"0,6"
65,63,5,"0,7"
66,64,5,"1,6"
67,60,10,"2,4"
67,60,5,"0,6"
65,64,5,"0,6"
65,62,11,"6,4"
65,62,5,"0,6"
67,63,5,"0,7"
65,61,11,"6,3"
65,61,5,"0,7"
67,62,5,"0,6"
68,60,10,"2,5"
68,60,5,"1,6"
69,63,5,"0,7"
65,60,10,"0,4"
65,60,11,"6,0"
65,60,5,"0,6"
66,62,5,"1,6"
68,61,5,"1,7"
69,62,5,"0,6"
66,63,5,"1,7"
68,62,5,"1,6"
69,61,5,"0,7"
113,37,5,"1,6"
112,39,5,"0,6"
110,39,5,"0,6"
113,35,10,"1,0"
113,36,10,"1,2"
113,36,5,"0,6"
114,38,5,"0,7"
110,36,10,"1,2"
110,36,5,"1,6"
111,35,10,"1,0"
114,39,5,"0,6"
110,37,5,"0,6"
111,37,5,"1,6"
114,36,10,"1,2"
114,36,5,"1,6"
112,35,10,"1,0"
110,35,10,"1,0"
111,36,10,"1,2"
111,36,5,"0,6"
114,37,5,"0,6"
112,36,10,"1,2"
112,36,5,"1,6"
113,39,5,"1,6"
111,39,5,"1,6"
112,37,5,"0,6"
113,38,5,"1,7"
111,38,5,"1,7"
114,35,10,"1,0"
112,38,5,"0,7"
110,38,5,"0,7"
61,49,10,"2,5"
61,49,5,"0,6"
62,48,5,"0,7"
64,45,5,"0,6"
60,47,5,"0,6"
61,48,5,"1,7"
62,49,10,"0,4"
62,49,5,"1,6"
62,45,5,"0,6"
64,46,5,"0,7"
63,45,5,"1,6"
63,49,10,"2,5"
63,49,5,"0,6"
64,47,5,"0,6"
63,48,5,"1,7"
63,47,5,"1,6"
63,46,5,"1,7"
60,48,5,"0,7"
61,47,5,"1,6"
62,46,5,"0,7"
60,45,5,"0,6"
64,48,5,"0,7"
60,49,10,"1,4"
60,49,5,"1,6"
61,46,5,"1,7"
62,47,5,"0,6"
60,46,5,"0,7"
64,49,10,"2,4"
64,49,5,"1,6"
61,45,5,"1,6"
42,46,10,"1,1"
44,45,10,"1,1"
42,47,10,"0,2"
44,46,10,"1,1"
44,48,10,"1,2"
44,47,10,"1,1"
42,45,10,"1,1"
43,45,10,"1,1"
40,45,10,"1,1"
41,46,10,"1,2"
43,47,10,"1,1"
40,46,10,"0,2"
41,45,10,"1,1"
43,48,10,"0,2"
43,46,10,"1,1"
68,78,5,"1,7"
67,79,5,"0,6"
65,79,5,"0,6"
68,79,5,"1,6"
67,76,5,"0,7"
66,78,5,"1,7"
67,77,5,"0,6"
69,79,5,"0,6"
66,79,5,"1,6"
65,77,5,"0,6"
69,78,5,"0,7"
66,76,5,"1,7"
67,75,5,"0,6"
69,77,5,"0,6"
65,78,5,"0,7"
66,77,5,"1,6"
65,75,5,"0,6"
65,76,5,"0,7"
68,76,5,"1,7"
68,75,5,"1,6"
69,76,5,"0,7"
68,77,5,"1,6"
69,75,5,"0,6"
67,78,5,"0,7"
66,75,5,"1,6"
57,69,5,"1,6"
58,68,10,"1,2"
58,68,5,"0,7"
55,65,5,"0,7"
56,67,10,"1,1"
56,67,5,"0,6"
59,68,10,"1,2"
59,68,5,"1,7"
57,67,10,"1,1"
57,67,5,"1,6"
57,68,10,"1,2"
57,68,5,"1,7"
58,69,5,"0,6"
56,68,10,"0,2"
56,68,5,"0,7"
57,66,10,"1,0"
57,66,5,"0,6"
58,66,10,"1,0"
58,66,5,"1,6"
55,67,10,"1,2"
55,67,5,"1,6"
56,69,5,"0,6"
59,65,5,"0,7"
57,65,5,"0,7"
58,67,10,"1,1"
58,67,5,"0,6"
55,69,5,"1,6"
55,66,10,"1,0"
55,66,5,"0,6"
55,68,5,"1,7"
59,67,10,"1,1"
59,67,5,"1,6"
58,65,5,"1,7"
56,65,5,"1,7"
59,66,10,"1,0"
59,66,5,"0,6"
56,66,10,"1,0"
56,66,5,"1,6"
59,69,5,"1,6"
21,37,5,"0,7"
22,35,5,"1,7"
24,37,5,"1,7"
23,36,5,"0,6"
20,39,5,"1,7"
21,36,5,"0,6"
24,38,5,"1,6"
23,39,10,"0,0"
23,39,5,"0,7"
21,35,5,"0,7"
24,39,10,"1,1"
24,39,5,"1,7"
23,38,5,"0,6"
22,38,5,"1,6"
22,39,5,"1,7"
20,36,5,"1,6"
20,35,5,"1,7"
21,39,5,"0,7"
22,36,5,"1,6"
24,35,10,"0,2"
24,35,5,"1,7"
23,35,5,"0,7"
20,37,5,"1,7"
21,38,5,"0,6"
22,37,5,"1,7"
24,36,5,"1,6"
23,37,5,"0,7"
20,38,5,"1,6"
57,59,5,"0,6"
58,55,5,"1,6"
58,57,5,"1,6"
59,56,10,"2,4"
59,56,5,"0,7"
56,57,5,"1,6"
57,58,5,"0,7"
59,59,5,"0,6"
55,55,5,"0,6"
56,58,5,"1,7"
57,57,5,"0,6"
55,57,5,"0,6"
59,58,5,"0,7"
56,59,5,"1,6"
57,55,5,"0,6"
57,56,10,"0,4"
57,56,5,"0,7"
55,56,10,"1,4"
55,56,5,"0,7"
58,58,5,"1,7"
55,59,5,"0,6"
58,59,5,"1,6"
55,58,5,"0,7"
56,55,5,"1,6"
58,56,10,"2,5"
58,56,5,"1,7"
59,57,5,"0,6"
59,55,5,"0,6"
56,56,10,"2,4"
56,56,5,"1,7"
80,42,10,"0,1"
80,42,5,"0,6"
81,41,80,"0,3"
81,41,10,"2,1"
81,41,90,"2,1"
84,40,80,"0,3"
80,43,10,"0,1"
80,43,5,"0,6"
81,40,80,"0,3"
81,40,10,"2,1"
81,40,90,"2,1"
80,44,10,"0,1"
80,44,5,"0,7"
84,41,80,"0,3"
83,41,80,"0,3"
82,40,80,"0,3"
83,40,80,"0,3"
80,40,90,"0,1"
80,40,10,"0,1"
80,40,5,"0,6"
81,43,10,"2,1"
81,44,10,"2,1"
82,41,80,"0,3"
80,41,90,"0,1"
80,41,10,"0,1"
80,41,5,"0,7"
81,42,10,"2,1"
46,30,10,"2,1"
46,33,10,"1,1"
45,33,10,"1,1"
46,31,10,"2,1"
45,32,10,"1,1"
47,33,10,"1,1"
48,32,10,"2,0"
45,31,10,"1,1"
47,32,10,"1,0"
48,33,10,"1,1"
49,34,10,"1,1"
45,30,10,"1,1"
48,34,10,"1,1"
46,34,10,"1,1"
49,33,10,"1,0"
47,34,10,"1,1"
46,32,10,"1,1"
45,34,10,"1,1"
12,41,10,"1,0"
12,41,5,"1,7"
14,41,10,"1,1"
14,41,5,"1,7"
13,42,10,"1,2"
12,42,10,"1,2"
13,41,10,"1,0"
13,41,5,"0,7"
10,40,5,"1,6"
11,41,10,"1,0"
11,41,5,"0,7"
13,40,5,"0,6"
10,41,10,"1,0"
10,41,5,"1,7"
11,40,5,"0,6"
14,42,10,"1,2"
11,42,10,"1,2"
12,40,5,"1,6"
14,40,10,"0,0"
14,40,5,"1,6"
10,42,10,"1,2"
16,38,5,"1,6"
17,37,5,"0,7"
16,39,10,"1,1"
16,39,5,"1,7"
17,35,10,"1,2"
17,35,5,"0,7"
17,36,5,"0,6"
19,37,5,"0,7"
18,38,5,"1,6"
15,35,10,"1,2"
15,35,5,"0,7"
19,36,5,"0,6"
18,39,10,"1,1"
18,39,5,"1,7"
15,37,5,"0,7"
19,39,10,"2,0"
19,39,5,"0,7"
18,36,5,"1,6"
16,35,10,"1,2"
16,35,5,"1,7"
15,36,5,"0,6"
19,38,5,"0,6"
18,37,5,"1,7"
16,36,5,"1,6"
17,39,10,"1,1"
17,39,5,"0,7"
15,39,10,"0,0"
15,39,5,"0,7"
16,37,5,"1,7"
17,38,5,"0,6"
15,38,5,"0,6"
19,35,5,"0,7"
18,35,10,"2,2"
18,35,5,"1,7"
11,-17,10,"1,1"
13,-17,5,"1,6"
12,-20,10,"2,1"
12,-20,5,"0,7"
14,-20,5,"0,7"
11,-16,10,"1,1"
11,-18,10,"1,1"
13,-18,5,"1,7"
12,-19,10,"2,1"
12,-19,5,"0,6"
14,-19,5,"0,6"
10,-18,10,"0,1"
13,-19,5,"1,6"
12,-18,10,"2,1"
12,-18,5,"0,7"
10,-17,10,"0,1"
13,-20,5,"1,7"
12,-16,10,"2,1"
12,-16,5,"0,7"
12,-17,10,"2,1"
12,-17,5,"0,6"
10,-20,10,"0,1"
14,-16,5,"0,7"
11,-19,10,"1,1"
10,-16,10,"0,1"
10,-19,10,"0,1"
14,-18,5,"0,7"
11,-20,10,"1,1"
13,-16,5,"1,7"
14,-17,5,"0,6"
81,55,10,"2,1"
80,56,10,"1,1"
80,56,5,"1,7"
81,59,10,"2,1"
80,57,10,"0,1"
80,57,5,"1,6"
80,55,10,"0,1"
80,55,5,"1,6"
81,58,10,"2,1"
80,58,10,"0,1"
80,58,5,"1,7"
81,57,10,"2,1"
80,59,10,"0,1"
80,59,5,"1,6"
81,56,10,"2,1"
63,87,5,"0,6"
61,88,5,"0,7"
61,85,5,"0,6"
61,87,5,"0,6"
62,88,5,"1,7"
64,85,5,"1,6"
63,85,5,"0,6"
60,85,5,"1,6"
62,86,5,"1,7"
64,88,5,"1,7"
64,86,5,"1,7"
60,86,5,"1,7"
62,87,5,"1,6"
63,88,5,"0,7"
64,87,5,"1,6"
60,88,5,"1,7"
60,87,5,"1,6"
61,86,5,"0,7"
62,85,5,"1,6"
63,86,5,"0,7"
8,29,10,"0,0"
9,29,10,"1,1"
9,27,10,"0,0"
9,28,10,"0,1"
31,6,10,"1,0"
34,8,10,"1,2"
34,8,5,"1,6"
32,8,10,"1,2"
32,8,5,"1,6"
32,6,10,"1,0"
30,6,10,"1,1"
30,9,5,"1,7"
34,9,5,"1,7"
32,9,10,"5,6"
32,9,5,"1,7"
32,7,10,"1,1"
30,7,10,"1,1"
34,6,10,"1,0"
31,9,10,"4,6"
31,9,5,"0,7"
33,9,5,"0,7"
34,7,10,"1,1"
31,8,10,"1,2"
31,8,5,"0,6"
33,8,10,"1,2"
33,8,5,"0,6"
30,5,10,"2,0"
33,7,10,"1,1"
31,7,10,"1,1"
30,8,10,"1,2"
30,8,5,"1,6"
33,6,10,"1,0"
22,40,10,"1,0"
22,40,5,"1,6"
22,41,10,"1,1"
23,41,10,"1,1"
20,40,10,"1,0"
20,40,5,"1,6"
23,40,10,"1,1"
23,40,5,"0,6"
24,40,10,"1,1"
24,40,5,"1,6"
20,41,10,"1,1"
21,42,10,"1,2"
24,41,10,"1,1"
20,42,10,"1,2"
21,41,10,"1,1"
22,42,10,"1,2"
23,42,10,"1,2"
24,42,10,"1,2"
21,40,10,"1,0"
21,40,5,"0,6"
36,41,10,"1,1"
37,42,10,"1,1"
38,44,10,"1,2"
39,43,10,"1,1"
36,42,10,"1,1"
37,41,10,"1,1"
38,42,10,"1,1"
35,41,10,"1,1"
39,42,10,"1,1"
36,43,10,"1,2"
37,40,10,"1,1"
38,43,10,"1,1"
35,40,10,"1,1"
35,40,5,"0,6"
39,44,10,"1,1"
38,40,10,"1,1"
35,43,10,"0,2"
38,41,10,"1,1"
35,42,10,"1,1"
37,44,10,"0,2"
39,41,10,"1,1"
36,40,10,"1,1"
37,43,10,"1,1"
39,40,10,"1,1"
11,28,10,"1,1"
11,28,5,"1,6"
13,26,10,"0,0"
10,27,10,"1,0"
12,28,10,"1,2"
12,28,5,"0,6"
12,27,10,"1,0"
14,28,10,"1,2"
14,28,5,"0,6"
12,29,5,"0,7"
14,26,10,"1,0"
14,29,5,"0,7"
11,27,10,"1,0"
14,27,10,"1,1"
13,29,5,"1,7"
10,28,10,"1,1"
10,28,5,"0,6"
13,28,10,"1,2"
13,28,5,"1,6"
10,29,10,"1,1"
10,29,5,"0,7"
11,29,10,"2,2"
11,29,5,"1,7"
13,27,10,"1,1"
15,30,5,"1,6"
17,30,5,"1,6"
15,33,10,"1,1"
19,34,10,"1,2"
19,34,5,"0,6"
18,32,10,"1,1"
16,32,10,"1,1"
16,30,5,"0,6"
15,32,10,"1,1"
18,33,10,"1,1"
16,33,10,"1,1"
16,31,10,"1,0"
16,31,5,"0,7"
17,34,10,"1,1"
17,34,5,"0,6"
19,31,10,"1,0"
19,31,5,"1,7"
18,30,5,"0,6"
16,34,10,"1,1"
16,34,5,"1,6"
17,33,10,"1,1"
19,30,5,"1,6"
15,34,10,"1,1"
15,34,5,"0,6"
18,31,10,"1,0"
18,31,5,"0,7"
17,32,10,"1,1"
19,33,10,"1,1"
19,32,10,"1,1"
18,34,10,"1,1"
18,34,5,"1,6"
15,31,10,"1,0"
15,31,5,"1,7"
17,31,10,"1,0"
17,31,5,"1,7"
101,41,80,"0,3"
101,40,80,"0,3"
102,40,80,"0,3"
102,41,80,"0,3"
104,40,80,"0,3"
103,41,80,"0,3"
100,40,80,"0,3"
103,40,80,"0,3"
100,41,80,"0,3"
104,41,80,"0,3"
57,50,5,"0,7"
58,52,5,"1,7"
55,52,5,"0,7"
59,54,5,"0,7"
56,50,5,"1,7"
56,51,5,"1,6"
58,53,5,"1,6"
55,54,5,"0,7"
59,51,5,"0,6"
56,52,5,"1,7"
58,50,5,"1,7"
59,50,5,"0,7"
56,53,5,"1,6"
57,54,5,"0,7"
58,51,5,"1,6"
59,53,5,"0,6"
56,54,5,"1,7"
57,53,5,"0,6"
55,51,10,"2,2"
55,51,5,"0,6"
59,52,5,"0,7"
57,51,5,"0,6"
57,52,5,"0,7"
58,54,5,"1,7"
55,53,5,"0,6"
55,50,10,"2,1"
55,50,5,"0,7"
16,2,10,"0,1"
17,1,10,"1,1"
15,2,5,"1,7"
18,4,10,"1,1"
16,3,10,"0,1"
17,0,10,"1,1"
15,4,5,"1,7"
19,3,10,"2,0"
16,4,10,"0,1"
18,2,10,"2,1"
18,3,10,"1,1"
15,1,5,"1,6"
18,0,10,"2,1"
19,4,10,"1,1"
16,0,10,"1,1"
17,3,10,"1,1"
17,4,10,"1,1"
15,0,10,"0,2"
15,0,5,"1,7"
18,1,10,"2,1"
16,1,10,"0,1"
17,2,10,"1,1"
15,3,5,"1,6"
51,36,10,"1,1"
51,36,5,"1,7"
50,35,10,"1,1"
50,35,5,"0,6"
54,38,10,"1,1"
51,39,10,"0,1"
51,39,5,"1,6"
54,39,10,"1,1"
51,38,10,"0,1"
51,38,5,"1,7"
50,38,5,"0,7"
52,36,10,"1,1"
52,35,10,"1,1"
53,39,10,"1,1"
54,36,10,"1,1"
50,39,5,"0,6"
52,37,10,"1,1"
53,38,10,"1,1"
54,37,10,"1,1"
51,35,10,"1,1"
51,35,5,"1,6"
50,36,10,"0,2"
50,36,5,"0,7"
52,38,10,"1,1"
53,37,10,"1,1"
54,35,10,"1,1"
50,37,5,"0,6"
52,39,10,"1,1"
53,36,10,"1,1"
51,37,10,"0,1"
51,37,5,"1,6"
53,35,10,"1,1"
73,78,5,"0,7"
74,76,5,"1,7"
72,75,5,"1,6"
73,77,5,"0,6"
71,75,5,"0,6"
74,77,5,"1,6"
72,76,5,"1,7"
70,78,5,"1,7"
73,75,5,"0,6"
71,77,5,"0,6"
73,76,5,"0,7"
72,77,5,"1,6"
70,79,5,"1,6"
71,76,5,"0,7"
74,75,5,"1,6"
72,78,5,"1,7"
70,76,5,"1,7"
71,79,5,"0,6"
72,79,5,"1,6"
70,77,5,"1,6"
71,78,5,"0,7"
74,78,5,"1,7"
70,75,5,"1,6"
73,79,5,"0,6"
74,79,5,"1,6"
120,40,10,"0,1"
120,40,5,"0,7"
120,41,10,"0,1"
120,41,5,"0,6"
121,42,10,"2,2"
120,42,10,"0,1"
120,42,5,"0,6"
121,41,10,"2,1"
120,43,10,"2,2"
121,40,10,"2,1"
69,38,5,"0,7"
66,37,10,"1,1"
68,38,5,"1,7"
65,39,10,"1,1"
69,37,10,"1,2"
69,37,5,"0,6"
68,39,5,"1,6"
65,38,10,"1,1"
69,36,10,"1,0"
67,37,10,"1,1"
67,37,5,"0,6"
65,37,10,"1,1"
67,36,10,"1,0"
65,36,10,"1,0"
66,38,10,"1,1"
67,39,10,"2,1"
67,39,5,"0,6"
66,39,10,"1,1"
67,38,10,"2,1"
67,38,5,"0,7"
68,36,10,"1,0"
69,39,5,"0,6"
66,36,10,"1,0"
68,37,10,"1,2"
68,37,5,"1,6"
42,16,10,"1,1"
40,16,10,"0,1"
40,16,5,"0,6"
41,19,10,"1,1"
41,15,10,"1,1"
42,17,10,"1,1"
40,17,10,"0,1"
40,17,5,"0,7"
41,18,10,"1,1"
43,17,10,"2,1"
40,18,10,"0,1"
40,18,5,"0,6"
43,15,10,"2,1"
41,17,10,"1,1"
43,16,10,"2,1"
40,19,10,"0,1"
40,19,5,"0,7"
40,15,10,"0,1"
40,15,5,"0,7"
41,16,10,"1,1"
43,19,10,"2,1"
42,18,10,"1,1"
42,15,10,"1,1"
43,18,10,"2,1"
42,19,10,"1,1"
5,40,10,"1,2"
8,40,10,"1,1"
6,40,10,"1,1"
8,41,10,"1,1"
9,42,10,"1,2"
6,41,10,"0,2"
8,42,10,"0,2"
9,41,10,"1,1"
9,41,5,"0,7"
7,41,10,"1,2"
9,40,10,"2,1"
9,40,5,"0,6"
7,40,10,"1,1"
81,72,10,"2,1"
80,72,10,"0,1"
80,72,5,"1,7"
80,70,10,"1,1"
80,70,5,"0,7"
80,73,10,"0,1"
80,73,5,"1,6"
80,71,10,"0,1"
80,71,5,"1,6"
81,71,10,"2,1"
80,74,10,"0,1"
80,74,5,"1,7"
81,70,10,"2,1"
81,74,10,"2,1"
81,73,10,"2,1"
58,37,10,"1,1"
55,38,10,"1,1"
59,35,10,"1,0"
56,36,10,"1,1"
57,39,10,"1,1"
56,37,10,"1,1"
57,38,10,"1,1"
58,35,10,"1,0"
59,37,10,"1,1"
56,38,10,"1,1"
57,37,10,"1,1"
55,35,10,"1,1"
59,36,10,"1,1"
56,39,10,"1,1"
57,35,10,"1,0"
57,36,10,"1,1"
58,38,10,"1,1"
55,37,10,"1,1"
59,39,10,"1,1"
58,39,10,"1,1"
55,36,10,"1,1"
59,38,10,"1,1"
58,36,10,"1,1"
55,39,10,"1,1"
56,35,10,"1,0"
16,29,5,"0,7"
19,29,5,"1,7"
18,27,10,"1,1"
17,29,5,"1,7"
19,28,10,"1,2"
19,28,5,"1,6"
17,27,10,"1,1"
17,28,10,"1,2"
17,28,5,"1,6"
15,27,10,"1,1"
17,26,10,"1,0"
15,29,5,"1,7"
15,26,10,"1,0"
16,26,10,"1,0"
18,28,10,"1,2"
18,28,5,"0,6"
15,28,10,"1,2"
15,28,5,"1,6"
16,27,10,"1,1"
19,27,10,"1,1"
18,29,5,"0,7"
16,28,10,"1,2"
16,28,5,"0,6"
19,26,10,"1,0"
18,26,10,"1,0"
78,56,10,"0,4"
78,56,5,"1,7"
77,55,5,"0,6"
76,58,5,"1,7"
78,57,5,"1,6"
75,56,10,"0,4"
75,56,5,"0,7"
76,57,5,"1,6"
75,58,5,"0,7"
78,55,5,"1,6"
77,59,5,"0,6"
76,56,10,"1,4"
76,56,5,"1,7"
79,57,5,"0,6"
75,59,5,"0,6"
76,55,5,"1,6"
77,58,5,"0,7"
79,56,10,"0,5"
79,56,5,"0,7"
79,59,5,"0,6"
77,56,10,"2,5"
77,56,5,"0,7"
77,57,5,"0,6"
78,58,5,"1,7"
75,55,5,"0,6"
75,57,5,"0,6"
79,58,5,"0,7"
78,59,5,"1,6"
79,55,5,"0,6"
76,59,5,"1,6"
78,46,5,"0,7"
78,49,10,"1,2"
78,49,5,"1,6"
75,46,5,"1,7"
76,49,10,"1,2"
76,49,5,"1,6"
78,47,10,"0,0"
78,47,5,"0,6"
77,47,5,"1,6"
79,49,10,"1,2"
79,49,5,"0,6"
77,49,10,"1,2"
77,49,5,"0,6"
76,45,5,"0,6"
77,46,5,"1,7"
77,48,10,"1,0"
77,48,5,"1,7"
79,48,10,"1,1"
79,48,5,"1,7"
76,46,5,"0,7"
78,45,5,"0,6"
75,48,5,"1,7"
77,45,5,"1,6"
79,45,5,"1,6"
76,48,10,"0,0"
76,48,5,"0,7"
76,47,5,"0,6"
75,49,10,"1,4"
75,49,5,"0,6"
75,45,5,"1,6"
79,47,10,"1,0"
79,47,5,"1,6"
78,48,10,"1,1"
78,48,5,"0,7"
79,46,5,"1,7"
75,47,5,"1,6"
12,32,5,"0,6"
10,32,10,"2,1"
10,32,5,"0,6"
14,30,5,"0,6"
12,33,5,"0,7"
11,31,5,"1,7"
13,34,5,"1,6"
10,33,10,"2,1"
10,33,5,"0,7"
14,31,10,"0,0"
14,31,5,"0,7"
12,34,5,"0,6"
11,30,5,"1,6"
13,33,5,"1,7"
11,33,5,"1,7"
13,31,5,"1,7"
10,30,10,"2,1"
10,30,5,"0,6"
14,34,10,"0,1"
14,34,5,"0,6"
13,32,5,"1,6"
11,32,5,"1,6"
13,30,5,"1,6"
10,31,10,"2,1"
10,31,5,"0,7"
12,30,5,"0,6"
14,32,10,"0,1"
14,32,5,"0,6"
10,34,10,"2,1"
10,34,5,"0,6"
12,31,5,"0,7"
11,34,5,"1,6"
14,33,10,"0,1"
14,33,5,"0,7"
70,43,10,"1,2"
70,43,5,"0,6"
74,40,5,"0,6"
71,44,5,"1,7"
72,40,5,"0,6"
73,43,10,"1,0"
73,43,5,"1,6"
73,44,5,"1,7"
70,40,10,"3,6"
70,40,5,"1,7"
74,41,5,"0,7"
72,41,5,"0,7"
73,42,5,"1,6"
70,41,10,"3,7"
70,41,5,"1,6"
72,42,10,"2,0"
72,42,5,"0,6"
73,41,5,"1,7"
74,44,5,"0,7"
71,41,5,"0,6"
72,43,10,"1,2"
72,43,5,"0,6"
73,40,5,"1,6"
71,40,5,"0,7"
72,44,5,"0,7"
70,44,5,"0,7"
74,42,5,"0,6"
71,43,10,"1,2"
71,43,5,"1,6"
70,42,10,"1,0"
74,43,10,"1,0"
74,43,5,"0,6"
71,42,10,"1,0"
86,41,80,"0,3"
86,40,80,"0,3"
87,41,80,"0,3"
87,40,80,"0,3"
88,40,80,"0,3"
88,41,80,"0,3"
85,41,80,"0,3"
89,41,80,"0,3"
85,40,80,"0,3"
89,40,80,"0,3"
80,60,10,"1,1"
80,60,5,"1,6"
81,63,10,"2,1"
80,61,10,"0,1"
80,61,5,"1,7"
81,62,10,"2,1"
81,64,10,"2,1"
80,64,10,"0,1"
80,64,5,"1,6"
80,62,10,"0,1"
80,62,5,"1,6"
81,61,10,"2,1"
80,63,10,"0,1"
80,63,5,"1,7"
81,60,10,"2,1"
22,7,10,"1,1"
21,7,10,"1,1"
21,9,5,"1,7"
24,8,10,"1,2"
24,8,5,"1,6"
20,5,10,"1,1"
21,6,10,"1,1"
21,8,10,"1,2"
21,8,5,"1,6"
24,9,10,"4,6"
24,9,5,"1,7"
22,5,10,"1,0"
23,5,10,"1,0"
20,6,10,"1,1"
21,5,10,"1,1"
22,8,10,"1,2"
22,8,5,"0,6"
20,7,10,"1,1"
22,9,5,"0,7"
23,7,10,"1,1"
24,5,10,"1,0"
23,9,5,"0,7"
23,6,10,"1,1"
20,8,10,"1,2"
20,8,5,"0,6"
24,6,10,"1,1"
22,6,10,"1,1"
23,8,10,"1,2"
23,8,5,"0,6"
20,9,5,"0,7"
24,7,10,"1,1"
119,40,5,"1,7"
116,44,10,"1,1"
116,41,5,"0,6"
118,44,10,"1,1"
115,44,10,"1,1"
119,43,10,"1,0"
119,43,5,"0,7"
116,42,5,"1,6"
118,42,5,"1,6"
115,41,10,"3,6"
115,41,5,"1,6"
119,42,5,"0,6"
117,40,5,"1,7"
116,43,10,"1,0"
116,43,5,"1,7"
118,43,10,"1,0"
118,43,5,"1,7"
115,40,5,"1,7"
119,44,10,"2,2"
117,42,5,"0,6"
118,40,5,"0,7"
115,43,10,"1,0"
115,43,5,"0,7"
118,41,5,"0,6"
115,42,10,"3,7"
115,42,5,"0,6"
117,44,10,"1,1"
117,41,5,"1,6"
119,41,5,"1,6"
116,40,5,"0,7"
117,43,10,"1,0"
117,43,5,"0,7"
58,44,5,"0,7"
55,41,10,"1,1"
59,42,10,"1,1"
56,43,10,"1,2"
56,43,5,"0,6"
57,40,10,"1,1"
55,40,10,"1,1"
56,44,5,"0,7"
58,42,10,"1,1"
55,43,10,"1,1"
55,43,5,"1,6"
59,44,5,"1,7"
58,43,10,"1,2"
58,43,5,"0,6"
55,42,10,"1,1"
58,40,10,"1,1"
55,44,10,"2,2"
55,44,5,"1,7"
59,41,10,"1,1"
56,40,10,"1,1"
57,43,10,"1,2"
57,43,5,"1,6"
57,44,5,"1,7"
58,41,10,"1,1"
59,40,10,"1,1"
56,41,10,"1,1"
57,42,10,"1,1"
59,43,10,"1,2"
59,43,5,"1,6"
56,42,10,"1,1"
57,41,10,"1,1"
81,48,10,"2,1"
81,47,10,"2,1"
80,45,10,"0,1"
80,45,5,"0,6"
81,46,10,"2,1"
80,48,10,"1,1"
80,48,5,"0,7"
80,46,10,"0,1"
80,46,5,"0,7"
81,45,10,"2,1"
80,49,10,"1,1"
80,49,5,"1,6"
80,47,10,"1,1"
80,47,5,"0,6"
81,49,10,"2,1"
49,86,5,"0,7"
49,87,5,"0,6"
49,88,5,"0,7"
49,85,5,"0,6"
29,9,5,"0,7"
26,6,10,"1,1"
26,8,10,"1,2"
26,8,5,"1,6"
27,9,5,"0,7"
27,7,10,"1,1"
29,8,10,"1,2"
29,8,5,"0,6"
26,7,10,"1,1"
26,9,5,"1,7"
27,8,10,"1,2"
27,8,5,"0,6"
27,6,10,"1,1"
29,7,10,"1,1"
28,5,10,"1,0"
25,9,10,"5,6"
25,9,5,"0,7"
29,6,10,"1,1"
26,5,10,"1,0"
28,6,10,"1,1"
25,7,10,"1,1"
25,8,10,"1,2"
25,8,5,"0,6"
29,5,10,"1,0"
28,8,10,"1,2"
28,8,5,"1,6"
28,7,10,"1,1"
25,6,10,"1,1"
27,5,10,"1,0"
28,9,5,"1,7"
25,5,10,"1,0"
60,81,5,"1,6"
62,83,5,"1,6"
64,83,5,"1,6"
60,82,5,"1,7"
62,80,5,"1,7"
64,84,5,"1,7"
63,84,5,"0,7"
60,84,5,"1,7"
61,81,5,"0,6"
60,83,5,"1,6"
62,81,5,"1,6"
63,82,5,"0,7"
61,80,5,"0,7"
63,83,5,"0,6"
61,82,5,"0,7"
64,80,5,"1,7"
61,84,5,"0,7"
63,80,5,"0,7"
62,84,5,"1,7"
64,81,5,"1,6"
61,83,5,"0,6"
63,81,5,"0,6"
60,80,5,"1,7"
62,82,5,"1,7"
64,82,5,"1,7"
80,51,10,"0,1"
80,51,5,"1,6"
80,54,10,"0,1"
80,54,5,"1,7"
80,52,10,"0,1"
80,52,5,"1,7"
80,53,10,"0,1"
80,53,5,"1,6"
81,54,10,"2,1"
81,53,10,"2,1"
81,51,10,"2,1"
81,52,10,"2,1"
81,50,10,"2,1"
80,50,10,"0,1"
80,50,5,"1,7"
38,9,10,"0,2"
38,9,5,"1,7"
39,7,10,"1,1"
39,9,10,"1,1"
39,9,5,"0,7"
39,6,10,"1,0"
36,8,10,"1,2"
36,8,5,"1,6"
38,6,10,"1,0"
35,7,10,"1,1"
39,8,10,"1,1"
39,8,5,"0,6"
36,9,5,"1,7"
38,7,10,"1,1"
35,6,10,"1,0"
37,7,10,"1,1"
37,9,5,"0,7"
35,9,5,"0,7"
37,6,10,"1,0"
37,8,10,"1,2"
37,8,5,"0,6"
35,8,10,"1,2"
35,8,5,"0,6"
36,6,10,"1,0"
38,8,10,"1,1"
38,8,5,"1,6"
36,7,10,"1,1"
76,50,5,"1,7"
79,54,5,"0,7"
77,54,5,"0,7"
78,54,5,"1,7"
75,50,5,"0,7"
75,51,5,"0,6"
77,50,5,"0,7"
78,52,5,"1,7"
79,51,5,"0,6"
77,51,5,"0,6"
76,54,5,"1,7"
78,50,5,"1,7"
75,53,5,"0,6"
78,53,5,"1,6"
79,53,5,"0,6"
79,50,5,"0,7"
77,52,5,"0,7"
76,53,5,"1,6"
78,51,5,"1,6"
75,52,5,"0,7"
79,52,5,"0,7"
77,53,5,"0,6"
76,52,5,"1,7"
76,51,5,"1,6"
75,54,5,"0,7"
66,84,5,"1,7"
67,80,5,"0,7"
65,80,5,"0,7"
68,81,5,"1,6"
67,81,5,"0,6"
68,82,5,"1,7"
66,82,5,"1,7"
65,82,5,"0,7"
68,84,5,"1,7"
68,83,5,"1,6"
69,84,5,"0,7"
66,83,5,"1,6"
65,83,5,"0,6"
69,83,5,"0,6"
65,84,5,"0,7"
65,81,5,"0,6"
66,80,5,"1,7"
69,82,5,"0,7"
67,84,5,"0,7"
66,81,5,"1,6"
67,82,5,"0,7"
69,81,5,"0,6"
67,83,5,"0,6"
68,80,5,"1,7"
69,80,5,"0,7"
59,49,10,"0,4"
59,49,5,"0,6"
57,49,10,"1,4"
57,49,5,"0,6"
58,45,5,"0,6"
59,45,5,"1,6"
59,48,5,"1,7"
57,47,5,"1,6"
57,48,5,"1,7"
56,45,5,"0,6"
57,46,5,"1,7"
55,45,5,"1,6"
59,47,5,"1,6"
55,49,10,"1,1"
55,49,5,"0,6"
56,46,5,"0,7"
57,45,5,"1,6"
59,46,5,"1,7"
55,48,10,"2,1"
55,48,5,"1,7"
56,47,5,"0,6"
58,46,5,"0,7"
58,48,5,"0,7"
55,47,10,"2,0"
55,47,5,"1,6"
56,48,5,"0,7"
58,47,5,"0,6"
58,49,10,"2,4"
58,49,5,"1,6"
55,46,5,"1,7"
56,49,10,"0,4"
56,49,5,"1,6"
64,50,5,"1,7"
60,52,5,"1,7"
60,51,5,"1,6"
63,54,5,"0,7"
64,51,5,"1,6"
60,53,5,"1,6"
61,54,5,"0,7"
62,54,5,"1,7"
64,52,5,"1,7"
60,54,5,"1,7"
61,53,5,"0,6"
64,53,5,"1,6"
61,52,5,"0,7"
62,52,5,"1,7"
63,51,5,"0,6"
64,54,5,"1,7"
61,51,5,"0,6"
62,50,5,"1,7"
62,53,5,"1,6"
63,53,5,"0,6"
63,50,5,"0,7"
61,50,5,"0,7"
62,51,5,"1,6"
63,52,5,"0,7"
60,50,5,"1,7"
73,45,5,"1,6"
70,48,5,"0,7"
72,47,5,"0,6"
73,48,5,"1,7"
70,49,10,"2,4"
70,49,11,"5,0"
70,49,5,"1,6"
74,46,5,"0,7"
71,47,5,"1,6"
74,47,5,"0,6"
71,49,10,"0,4"
71,49,11,"6,0"
71,49,5,"0,6"
71,46,5,"1,7"
70,46,5,"0,7"
71,48,5,"1,7"
74,48,5,"0,7"
70,47,5,"0,6"
74,45,5,"0,6"
72,48,5,"0,7"
73,47,5,"1,6"
74,49,10,"2,5"
74,49,5,"1,6"
72,49,10,"1,4"
72,49,5,"1,6"
72,45,5,"0,6"
73,46,5,"1,7"
70,45,5,"0,6"
71,45,5,"1,6"
72,46,5,"0,7"
73,49,10,"2,4"
73,49,5,"0,6"
57,78,5,"0,7"
58,79,5,"1,6"
56,76,5,"1,7"
59,79,5,"0,6"
57,77,5,"0,6"
55,75,5,"0,6"
58,76,5,"1,7"
59,78,5,"0,7"
56,75,5,"1,6"
57,75,5,"0,6"
55,77,10,"2,6"
55,77,5,"0,6"
57,76,5,"0,7"
58,77,5,"1,6"
55,76,5,"0,7"
59,75,5,"0,6"
56,77,10,"3,6"
56,77,5,"1,6"
55,79,5,"0,6"
58,75,5,"1,6"
56,78,10,"3,7"
56,78,5,"1,7"
55,78,10,"2,7"
55,78,5,"0,7"
59,77,5,"0,6"
56,79,5,"1,6"
57,79,5,"0,6"
58,78,5,"1,7"
59,76,5,"0,7"
40,11,10,"0,1"
40,11,5,"1,7"
42,13,10,"1,1"
43,13,10,"2,1"
40,12,10,"0,1"
40,12,5,"1,6"
42,10,10,"1,1"
43,12,10,"2,1"
40,13,10,"0,1"
40,13,5,"1,6"
41,14,10,"1,1"
42,11,10,"1,1"
40,14,10,"0,1"
40,14,5,"0,6"
41,13,10,"1,1"
43,14,10,"2,1"
41,11,10,"1,1"
41,12,10,"1,1"
42,14,10,"1,1"
41,10,10,"1,1"
43,11,10,"2,1"
40,10,10,"1,1"
40,10,5,"1,6"
42,12,10,"1,1"
43,10,10,"2,1"
34,21,10,"1,1"
31,24,10,"1,0"
33,23,10,"0,1"
33,22,10,"0,1"
34,24,10,"1,1"
32,24,10,"1,0"
33,21,10,"0,0"
34,22,10,"1,1"
30,24,10,"0,0"
34,23,10,"1,1"
33,24,10,"1,1"
34,20,10,"0,1"
76,78,5,"1,7"
79,77,5,"0,6"
75,79,5,"0,6"
78,76,5,"1,7"
76,79,5,"1,6"
79,76,5,"0,7"
75,78,5,"0,7"
78,77,5,"1,6"
77,79,5,"0,6"
78,75,5,"1,6"
77,78,5,"0,7"
75,75,5,"0,6"
77,77,5,"0,6"
79,75,5,"0,6"
76,76,5,"1,7"
76,75,5,"1,6"
79,78,5,"0,7"
77,76,5,"0,7"
75,77,5,"0,6"
78,78,5,"1,7"
76,77,5,"1,6"
79,79,5,"0,6"
77,75,5,"0,6"
75,76,5,"0,7"
78,79,5,"1,6"
11,-15,10,"1,1"
12,-11,5,"0,6"
10,-12,10,"0,1"
13,-11,5,"1,6"
14,-12,5,"0,7"
11,-13,10,"1,1"
10,-11,10,"0,1"
13,-12,5,"1,7"
14,-14,5,"0,7"
14,-11,5,"0,6"
11,-14,10,"1,1"
10,-14,10,"0,1"
13,-13,5,"1,6"
14,-13,5,"0,6"
11,-11,10,"2,1"
10,-13,10,"0,1"
13,-14,5,"1,7"
12,-15,10,"2,1"
12,-15,5,"0,6"
11,-12,10,"1,1"
13,-15,5,"1,6"
12,-14,10,"2,1"
12,-14,5,"0,7"
14,-15,5,"0,6"
10,-15,10,"0,1"
12,-12,10,"2,2"
12,-12,5,"0,7"
12,-13,10,"2,1"
12,-13,5,"0,6"
28,10,5,"1,6"
25,13,10,"1,0"
25,13,5,"0,6"
27,14,10,"1,2"
28,12,5,"1,6"
28,11,5,"1,7"
25,11,10,"9,6"
25,11,5,"0,7"
25,12,10,"9,7"
25,12,5,"0,6"
26,14,10,"1,2"
28,13,10,"1,0"
28,13,5,"1,6"
25,10,10,"5,7"
25,10,5,"0,6"
29,14,10,"1,2"
27,11,5,"0,7"
28,14,10,"1,2"
29,13,10,"1,0"
29,13,5,"0,6"
26,12,5,"1,6"
27,10,5,"0,6"
29,12,5,"0,6"
26,13,10,"1,0"
26,13,5,"1,6"
27,13,10,"1,0"
27,13,5,"0,6"
29,11,5,"0,7"
26,10,5,"1,6"
27,12,5,"0,6"
25,14,10,"1,2"
29,10,5,"0,6"
26,11,5,"1,7"
34,39,5,"1,7"
30,35,5,"1,7"
31,36,5,"0,6"
34,36,5,"1,6"
31,39,5,"0,7"
32,35,5,"1,7"
34,37,5,"1,7"
31,38,5,"0,6"
32,36,5,"1,6"
33,39,5,"0,7"
30,38,5,"1,6"
32,37,5,"1,7"
33,38,5,"0,6"
34,35,5,"1,7"
30,39,10,"2,0"
30,39,5,"1,7"
32,38,5,"1,6"
33,37,5,"0,7"
30,36,5,"1,6"
31,35,5,"0,7"
32,39,5,"1,7"
33,35,5,"0,7"
33,36,5,"0,6"
34,38,5,"1,6"
30,37,5,"1,7"
31,37,5,"0,7"
80,80,5,"1,7"
80,81,5,"1,6"
80,82,5,"1,7"
80,83,5,"1,6"
80,84,5,"1,7"
72,86,5,"1,7"
70,86,5,"1,7"
71,85,5,"0,6"
72,87,5,"1,6"
70,87,5,"1,6"
74,86,5,"1,7"
72,88,5,"1,7"
73,87,5,"0,6"
73,88,5,"0,7"
71,87,5,"0,6"
74,87,5,"1,6"
74,88,5,"1,7"
73,86,5,"0,7"
70,85,5,"1,6"
71,86,5,"0,7"
70,88,5,"1,7"
73,85,5,"0,6"
71,88,5,"0,7"
74,85,5,"1,6"
72,85,5,"1,6"
58,81,5,"1,6"
56,81,5,"1,6"
59,82,5,"0,7"
58,84,5,"1,7"
55,81,5,"0,6"
56,83,5,"1,6"
59,84,5,"0,7"
57,83,5,"0,6"
57,84,5,"0,7"
55,80,5,"0,7"
56,84,5,"1,7"
56,82,5,"1,7"
57,82,5,"0,7"
58,82,5,"1,7"
55,83,5,"0,6"
59,81,5,"0,6"
57,81,5,"0,6"
58,83,5,"1,6"
55,82,5,"0,7"
59,80,5,"0,7"
57,80,5,"0,7"
58,80,5,"1,7"
55,84,5,"0,7"
56,80,5,"1,7"
59,83,5,"0,6"
26,34,10,"1,1"
26,34,5,"1,6"
25,31,10,"1,0"
25,31,5,"1,7"
27,34,10,"1,1"
27,34,5,"0,6"
25,30,5,"1,6"
28,32,10,"1,1"
27,31,10,"1,0"
27,31,5,"1,7"
26,32,10,"1,1"
28,33,10,"1,1"
27,30,10,"8,7"
27,30,5,"1,6"
29,34,10,"1,1"
29,34,5,"0,6"
26,33,10,"1,1"
29,31,10,"1,0"
29,31,5,"1,7"
26,30,5,"0,6"
28,34,10,"1,1"
28,34,5,"1,6"
25,34,10,"1,1"
25,34,5,"0,6"
29,33,10,"1,1"
29,30,5,"1,6"
27,33,10,"1,1"
26,31,10,"1,0"
26,31,5,"0,7"
25,33,10,"1,1"
29,32,10,"1,1"
28,30,10,"9,7"
28,30,5,"0,6"
27,32,10,"1,1"
25,32,10,"1,1"
28,31,10,"1,0"
28,31,5,"0,7"
54,46,5,"0,7"
51,45,10,"2,0"
51,45,5,"0,7"
50,49,10,"1,1"
54,47,10,"1,0"
54,47,5,"0,6"
54,48,10,"1,1"
54,48,5,"0,7"
50,46,10,"1,1"
52,48,10,"1,1"
54,49,10,"1,1"
54,49,5,"1,6"
51,47,10,"1,1"
50,47,10,"1,1"
52,49,10,"1,1"
54,45,5,"0,6"
51,46,10,"1,1"
53,47,10,"1,1"
53,49,10,"1,1"
53,49,5,"0,6"
51,49,10,"1,1"
50,45,10,"1,0"
50,45,5,"1,7"
52,45,5,"0,7"
53,46,10,"2,0"
53,46,5,"0,7"
53,48,10,"1,1"
51,48,10,"1,1"
52,46,10,"1,0"
53,45,5,"0,6"
50,48,10,"1,1"
52,47,10,"1,1"
77,74,5,"0,7"
76,70,10,"2,4"
76,70,5,"0,7"
77,73,5,"0,6"
75,73,5,"0,6"
75,71,5,"0,6"
78,74,5,"1,7"
76,72,5,"1,7"
77,72,5,"0,7"
75,72,5,"0,7"
75,70,10,"1,4"
75,70,5,"1,7"
76,73,5,"1,6"
77,71,5,"0,6"
78,72,5,"1,7"
79,72,5,"0,7"
76,74,5,"1,7"
79,73,5,"0,6"
77,70,10,"2,5"
77,70,5,"1,7"
79,71,5,"0,6"
75,74,5,"0,7"
78,70,10,"1,4"
78,70,5,"0,7"
78,73,5,"1,6"
79,70,10,"2,4"
79,70,5,"1,7"
78,71,5,"1,6"
79,74,5,"0,7"
76,71,5,"1,6"
42,39,10,"1,0"
42,39,5,"0,6"
43,38,5,"1,7"
44,36,5,"0,7"
44,35,10,"1,2"
44,35,5,"0,6"
42,36,5,"0,7"
40,35,10,"1,2"
40,35,5,"0,6"
44,37,5,"0,6"
42,37,5,"0,6"
43,35,10,"1,2"
43,35,5,"1,6"
40,36,5,"0,7"
44,38,5,"0,7"
41,39,10,"1,0"
41,39,5,"1,6"
40,37,5,"0,6"
44,39,10,"1,0"
44,39,5,"0,6"
41,38,5,"1,7"
42,35,10,"1,2"
42,35,5,"0,6"
43,37,5,"1,6"
40,38,5,"0,7"
41,37,5,"1,6"
43,36,5,"1,7"
40,39,10,"1,0"
40,39,5,"0,6"
41,35,10,"1,2"
41,35,5,"1,6"
41,36,5,"1,7"
42,38,5,"0,7"
43,39,10,"1,0"
43,39,5,"1,6"
4,40,10,"0,2"
74,63,5,"1,7"
71,62,5,"0,6"
70,62,5,"1,6"
74,60,10,"0,4"
74,60,5,"1,6"
70,64,10,"3,6"
70,64,5,"1,6"
71,64,5,"0,6"
70,63,5,"1,7"
74,61,5,"1,7"
72,60,10,"1,4"
72,60,5,"1,6"
70,60,10,"2,4"
70,60,5,"1,6"
74,64,5,"1,6"
72,61,5,"1,7"
73,62,5,"0,6"
72,64,5,"1,6"
73,64,5,"0,6"
70,61,5,"1,7"
71,61,5,"0,7"
73,63,5,"0,7"
72,62,5,"1,6"
73,61,5,"0,7"
71,60,10,"0,4"
71,60,5,"0,6"
72,63,5,"1,7"
73,60,10,"2,4"
73,60,5,"0,6"
74,62,5,"1,6"
71,63,5,"0,7"
46,61,10,"0,1"
47,61,10,"1,1"
49,64,10,"1,1"
47,60,10,"1,1"
47,63,10,"1,1"
48,60,10,"1,1"
49,63,10,"1,1"
48,64,10,"1,1"
46,64,10,"0,1"
47,64,10,"1,1"
47,62,10,"1,1"
48,61,10,"1,1"
49,62,10,"1,1"
46,62,10,"0,1"
48,62,10,"1,1"
49,61,10,"1,1"
46,63,10,"0,1"
48,63,10,"1,1"
49,60,10,"1,1"
46,60,10,"0,1"
29,37,5,"0,7"
28,39,10,"1,1"
28,39,5,"1,7"
25,38,5,"0,6"
29,36,5,"0,6"
26,35,10,"1,1"
26,35,5,"1,7"
27,37,10,"5,7"
27,37,5,"0,7"
25,37,5,"0,7"
29,35,10,"2,2"
29,35,5,"0,7"
27,36,10,"5,6"
27,36,5,"0,6"
25,35,10,"1,1"
25,35,5,"0,7"
25,36,5,"0,6"
26,38,10,"8,7"
26,38,5,"1,6"
27,39,10,"1,1"
27,39,5,"0,7"
26,39,10,"1,1"
26,39,5,"1,7"
27,38,10,"9,7"
27,38,5,"0,6"
28,36,5,"1,6"
28,35,10,"1,1"
28,35,5,"1,7"
29,39,10,"1,1"
29,39,5,"0,7"
26,36,10,"4,6"
26,36,5,"1,6"
28,37,5,"1,7"
29,38,5,"0,6"
26,37,10,"4,7"
26,37,5,"1,7"
27,35,10,"1,1"
27,35,5,"0,7"
28,38,5,"1,6"
25,39,10,"1,1"
25,39,5,"0,7"
29,27,10,"1,1"
26,26,10,"1,1"
27,28,10,"1,2"
27,28,5,"1,6"
28,25,10,"1,0"
29,26,10,"1,1"
26,27,10,"1,1"
28,26,10,"1,1"
25,29,5,"1,7"
29,25,10,"1,0"
27,25,10,"1,0"
28,28,10,"1,2"
28,28,5,"0,6"
28,27,10,"1,1"
25,27,10,"1,1"
25,28,10,"1,2"
25,28,5,"1,6"
26,25,10,"1,0"
28,29,10,"5,6"
28,29,5,"0,7"
25,26,10,"1,1"
27,27,10,"1,1"
25,25,10,"1,0"
29,29,5,"1,7"
26,28,10,"1,2"
26,28,5,"0,6"
27,26,10,"1,1"
29,28,10,"1,2"
29,28,5,"1,6"
26,29,5,"0,7"
27,29,10,"4,6"
27,29,5,"1,7"
49,51,10,"1,1"
49,52,10,"1,1"
46,51,10,"0,1"
47,52,10,"1,1"
49,50,10,"1,1"
48,50,10,"1,1"
47,54,10,"1,1"
48,51,10,"1,1"
46,54,10,"0,1"
48,52,10,"1,1"
48,53,10,"1,1"
49,54,10,"1,1"
46,52,10,"0,1"
47,51,10,"1,1"
48,54,10,"1,1"
49,53,10,"1,1"
46,50,10,"0,1"
46,53,10,"0,1"
47,53,10,"1,1"
47,50,10,"1,1"
80,69,10,"0,1"
80,69,5,"0,6"
81,65,10,"2,1"
80,65,10,"0,1"
80,65,5,"1,7"
80,66,10,"1,1"
80,66,5,"1,6"
81,69,10,"2,1"
80,67,10,"1,1"
80,67,5,"0,6"
81,67,10,"2,1"
81,68,10,"2,1"
80,68,10,"0,1"
80,68,5,"0,7"
81,66,10,"2,1"
20,4,10,"1,0"
21,4,10,"2,0"
9,9,10,"2,1"
9,9,5,"0,7"
9,7,10,"1,1"
9,8,10,"1,1"
9,8,5,"0,6"
7,7,10,"0,0"
9,6,10,"1,1"
7,9,10,"0,1"
8,6,10,"0,0"
9,5,10,"1,1"
7,8,10,"0,1"
8,7,10,"1,1"
8,8,10,"1,1"
8,9,10,"1,1"
51,76,5,"0,7"
50,79,5,"1,6"
52,78,10,"3,7"
52,78,5,"1,7"
51,79,5,"0,6"
50,78,5,"1,7"
52,79,5,"1,6"
52,77,10,"3,6"
52,77,5,"1,6"
51,78,10,"2,7"
51,78,5,"0,7"
53,79,5,"0,6"
54,78,10,"3,7"
54,78,5,"1,7"
50,75,5,"1,6"
52,76,5,"1,7"
52,75,5,"1,6"
53,78,10,"2,7"
53,78,5,"0,7"
54,79,5,"1,6"
51,75,5,"0,6"
53,77,10,"2,6"
53,77,5,"0,6"
54,76,5,"1,7"
50,77,5,"1,6"
53,76,5,"0,7"
54,77,10,"3,6"
54,77,5,"1,6"
51,77,10,"2,6"
51,77,5,"0,6"
50,76,5,"1,7"
53,75,5,"0,6"
54,75,5,"1,6"
11,-28,10,"1,1"
14,-27,5,"0,6"
10,-26,10,"0,1"
14,-29,5,"0,6"
12,-28,10,"2,2"
12,-28,5,"0,7"
12,-29,10,"2,0"
12,-29,5,"0,6"
11,-26,10,"2,1"
13,-26,5,"1,7"
12,-27,5,"0,6"
10,-28,10,"0,1"
13,-27,5,"1,6"
12,-26,5,"0,7"
11,-29,10,"1,0"
10,-27,10,"0,1"
13,-28,5,"1,7"
14,-26,5,"0,7"
13,-29,5,"1,6"
11,-27,10,"2,1"
10,-29,10,"0,0"
14,-28,5,"0,7"
14,-10,5,"0,7"
14,-7,5,"0,6"
11,-10,10,"2,1"
10,-9,10,"0,1"
10,-7,10,"0,1"
13,-10,5,"1,7"
14,-9,5,"0,6"
12,-10,5,"0,7"
11,-6,10,"2,1"
12,-8,5,"0,7"
12,-9,5,"0,6"
13,-6,5,"1,7"
12,-7,5,"0,6"
14,-6,5,"0,7"
10,-6,10,"0,1"
13,-7,5,"1,6"
12,-6,5,"0,7"
13,-8,5,"1,7"
11,-7,10,"2,1"
14,-8,5,"0,7"
11,-9,10,"2,1"
10,-10,10,"0,1"
10,-8,10,"0,1"
13,-9,5,"1,6"
11,-8,10,"2,1"
80,78,5,"0,6"
80,79,5,"1,6"
80,75,10,"0,1"
80,75,5,"1,6"
81,75,10,"2,1"
81,76,10,"2,2"
80,76,10,"0,2"
80,76,5,"1,7"
80,77,5,"1,6"
61,63,5,"0,7"
63,60,10,"1,4"
63,60,5,"0,6"
60,61,5,"1,7"
61,62,5,"0,6"
63,62,5,"0,6"
63,63,5,"0,7"
64,60,10,"2,4"
64,60,11,"5,0"
64,60,5,"1,6"
60,62,5,"1,6"
61,61,5,"0,7"
64,64,5,"1,6"
64,61,11,"5,3"
64,61,5,"1,7"
60,63,5,"1,7"
61,60,5,"0,6"
62,62,5,"1,6"
62,64,5,"1,6"
64,62,11,"5,4"
64,62,5,"1,6"
63,64,5,"0,6"
60,64,5,"1,6"
62,63,5,"1,7"
64,63,5,"1,7"
62,60,10,"0,4"
62,60,5,"1,6"
61,64,5,"0,6"
62,61,5,"1,7"
63,61,5,"0,7"
60,60,5,"1,6"
50,40,5,"1,6"
52,40,10,"1,1"
53,43,10,"0,2"
53,43,5,"0,6"
51,44,5,"0,6"
50,41,5,"1,7"
52,41,10,"1,1"
53,42,10,"1,1"
54,44,10,"0,2"
54,44,5,"0,7"
52,42,10,"0,2"
52,42,5,"0,6"
53,41,10,"1,1"
54,42,10,"1,1"
51,41,10,"0,2"
51,41,5,"0,7"
50,44,5,"1,6"
52,44,5,"0,6"
52,43,5,"0,7"
53,40,10,"1,1"
54,43,10,"1,1"
54,43,5,"0,6"
51,40,10,"0,1"
51,40,5,"0,6"
54,40,10,"1,1"
51,43,5,"0,7"
50,42,5,"1,6"
54,41,10,"1,1"
51,42,5,"0,6"
50,43,5,"1,7"
53,44,5,"0,7"
51,85,5,"0,6"
52,85,5,"1,6"
50,86,5,"1,7"
51,87,5,"0,6"
52,86,5,"1,7"
50,87,5,"1,6"
54,86,5,"1,7"
51,86,5,"0,7"
52,87,5,"1,6"
53,87,5,"0,6"
54,88,5,"1,7"
50,88,5,"1,7"
50,85,5,"1,6"
54,85,5,"1,6"
53,86,5,"0,7"
53,88,5,"0,7"
51,88,5,"0,7"
52,88,5,"1,7"
53,85,5,"0,6"
54,87,5,"1,6"
14,38,5,"1,6"
13,35,5,"1,7"
11,36,5,"1,6"
14,39,5,"1,7"
10,38,5,"1,6"
11,39,5,"0,7"
14,36,5,"0,6"
10,39,5,"1,7"
11,38,5,"0,6"
12,36,5,"0,6"
12,35,5,"0,7"
14,37,5,"0,7"
13,39,5,"0,7"
10,36,10,"2,1"
10,36,5,"0,6"
12,37,5,"0,7"
14,35,10,"0,2"
14,35,5,"0,7"
13,38,5,"0,6"
10,37,10,"2,2"
10,37,5,"0,7"
11,35,5,"1,7"
12,38,5,"1,6"
13,37,5,"1,7"
12,39,5,"1,7"
13,36,5,"1,6"
10,35,10,"2,1"
10,35,5,"0,7"
11,37,5,"1,7"
45,47,10,"1,1"
49,45,10,"1,0"
49,45,5,"0,7"
47,47,10,"1,1"
48,49,10,"1,1"
48,47,10,"1,1"
45,46,10,"1,1"
46,48,10,"1,1"
47,46,10,"1,1"
49,49,10,"1,1"
45,45,10,"1,1"
46,46,10,"1,1"
46,49,10,"1,1"
49,48,10,"1,1"
46,47,10,"1,1"
47,49,10,"1,1"
47,48,10,"1,1"
45,49,10,"0,2"
49,47,10,"1,1"
46,45,10,"1,1"
47,45,10,"1,1"
47,45,5,"0,7"
48,45,10,"1,0"
48,45,5,"1,7"
45,48,10,"1,1"
49,46,10,"1,1"
48,48,10,"1,1"
48,46,10,"1,1"
61,56,10,"1,4"
61,56,5,"0,7"
62,59,5,"1,6"
63,55,5,"0,6"
64,59,5,"1,6"
61,55,5,"0,6"
62,56,10,"2,4"
62,56,5,"1,7"
62,57,5,"1,6"
62,55,5,"1,6"
63,57,5,"0,6"
60,56,10,"0,4"
60,56,5,"1,7"
60,55,5,"1,6"
61,59,5,"0,6"
63,56,10,"0,4"
63,56,5,"0,7"
64,56,10,"1,4"
64,56,5,"1,7"
60,57,5,"1,6"
61,58,5,"0,7"
63,59,5,"0,6"
64,57,5,"1,6"
64,55,5,"1,6"
60,58,5,"1,7"
61,57,5,"0,6"
62,58,5,"1,7"
63,58,5,"0,7"
64,58,5,"1,7"
60,59,5,"1,6"
76,69,5,"0,6"
77,67,10,"1,2"
77,67,5,"1,6"
79,68,5,"1,7"
75,68,5,"1,7"
78,69,5,"0,6"
77,66,10,"1,0"
77,66,5,"0,6"
79,69,5,"1,6"
78,67,10,"1,2"
78,67,5,"0,6"
79,66,10,"1,0"
79,66,5,"0,6"
76,68,5,"0,7"
77,65,5,"0,7"
75,65,5,"0,7"
79,67,10,"1,2"
79,67,5,"1,6"
78,65,5,"1,7"
76,65,5,"1,7"
75,67,10,"1,2"
75,67,5,"1,6"
76,66,10,"1,0"
76,66,5,"1,6"
77,69,5,"1,6"
75,66,10,"1,0"
75,66,5,"0,6"
76,67,10,"1,2"
76,67,5,"0,6"
77,68,5,"1,7"
79,65,5,"0,7"
78,68,5,"0,7"
78,66,10,"1,0"
78,66,5,"1,6"
75,69,5,"1,6"
73,82,5,"0,7"
70,81,5,"1,6"
71,83,5,"0,6"
73,81,5,"0,6"
71,82,5,"0,7"
72,80,5,"1,7"
73,80,5,"0,7"
74,80,5,"1,7"
71,84,5,"0,7"
74,81,5,"1,6"
72,81,5,"1,6"
74,83,5,"1,6"
70,84,5,"1,7"
72,82,5,"1,7"
74,82,5,"1,7"
70,82,5,"1,7"
74,84,5,"1,7"
72,83,5,"1,6"
70,83,5,"1,6"
71,81,5,"0,6"
72,84,5,"1,7"
73,83,5,"0,6"
73,84,5,"0,7"
70,80,5,"1,7"
71,80,5,"0,7"
13,6,5,"0,6"
10,5,10,"1,1"
14,5,5,"0,6"
12,6,5,"1,6"
13,5,5,"1,6"
12,8,5,"1,6"
12,7,5,"1,7"
11,5,10,"2,1"
12,9,5,"1,7"
14,8,5,"1,6"
13,9,5,"0,7"
10,6,10,"1,1"
10,8,10,"2,2"
10,8,5,"1,6"
11,9,5,"0,7"
14,6,5,"1,6"
14,9,5,"1,7"
11,7,10,"2,2"
11,7,5,"0,7"
13,8,5,"0,6"
10,7,10,"1,1"
10,9,5,"1,7"
11,8,5,"0,6"
14,7,5,"1,7"
11,6,10,"2,1"
11,6,5,"0,6"
13,7,5,"0,7"
12,5,5,"0,6"
51,71,5,"0,6"
52,70,10,"1,2"
52,70,5,"0,7"
53,74,5,"0,7"
54,72,11,"7,2"
54,72,5,"1,7"
51,70,10,"0,2"
52,72,5,"1,7"
52,71,5,"1,6"
53,71,5,"0,6"
53,73,5,"0,6"
54,73,11,"7,3"
54,73,5,"1,6"
50,73,5,"1,6"
51,73,5,"0,6"
53,70,10,"0,5"
53,70,5,"1,7"
50,72,5,"1,7"
53,72,5,"0,7"
51,72,5,"0,7"
52,74,5,"1,7"
54,70,10,"0,5"
54,70,11,"7,0"
54,70,5,"0,7"
50,71,5,"1,6"
50,74,5,"1,7"
54,71,11,"7,1"
54,71,5,"1,6"
51,74,5,"0,7"
54,74,11,"7,4"
54,74,5,"1,7"
52,73,5,"1,6"
10,-1,10,"1,1"
13,-3,5,"1,6"
12,-2,10,"2,1"
12,-2,5,"0,7"
11,-5,10,"1,1"
14,-1,5,"0,6"
11,-2,10,"1,1"
13,-4,5,"1,7"
10,-4,10,"0,1"
13,-5,5,"1,6"
11,-3,10,"1,1"
14,-4,5,"0,7"
10,-3,10,"1,1"
13,-1,5,"1,6"
11,-4,10,"1,1"
14,-3,5,"0,6"
12,-1,10,"2,1"
12,-1,5,"0,6"
14,-5,5,"0,6"
10,-5,10,"0,1"
10,-2,10,"1,1"
12,-4,10,"2,1"
12,-4,5,"0,7"
12,-5,10,"2,0"
12,-5,5,"0,6"
11,-1,10,"1,1"
13,-2,5,"1,7"
12,-3,10,"2,1"
12,-3,5,"0,6"
14,-2,5,"0,7"
69,47,5,"1,6"
68,48,5,"0,7"
65,46,5,"1,7"
68,45,5,"0,6"
65,49,10,"0,4"
65,49,5,"0,6"
69,46,5,"1,7"
68,49,10,"2,5"
68,49,5,"1,6"
65,45,5,"1,6"
68,46,5,"0,7"
65,48,5,"1,7"
69,45,5,"1,6"
68,47,5,"0,6"
69,49,10,"1,4"
69,49,5,"0,6"
66,46,5,"0,7"
67,49,10,"2,5"
67,49,5,"0,6"
67,45,5,"1,6"
69,48,5,"1,7"
66,47,5,"0,6"
67,48,5,"1,7"
66,48,5,"0,7"
67,47,5,"1,6"
66,45,5,"0,6"
66,49,10,"1,4"
66,49,5,"1,6"
67,46,5,"1,7"
65,47,5,"1,6"
24,14,10,"1,2"
22,12,5,"0,6"
23,11,5,"0,7"
20,10,5,"0,6"
22,10,5,"0,6"
22,13,10,"1,0"
22,13,5,"1,6"
23,13,10,"1,0"
23,13,5,"0,6"
23,10,5,"0,6"
20,12,5,"0,6"
20,11,5,"0,7"
22,11,5,"0,7"
23,12,5,"0,6"
20,13,10,"1,0"
20,13,5,"1,6"
21,14,10,"1,2"
24,10,10,"4,7"
24,10,5,"1,6"
20,14,10,"1,2"
21,13,10,"1,0"
21,13,5,"0,6"
24,11,10,"8,6"
24,11,5,"1,7"
23,14,10,"1,2"
21,12,5,"1,6"
24,12,10,"8,7"
24,12,5,"1,6"
22,14,10,"1,2"
21,11,5,"1,7"
24,13,10,"1,0"
24,13,5,"1,6"
21,10,5,"1,6"
77,41,5,"1,7"
79,41,5,"1,7"
75,41,5,"1,7"
76,44,5,"0,7"
76,43,10,"2,0"
76,43,5,"0,6"
77,40,5,"1,6"
79,40,5,"1,6"
75,40,5,"1,6"
78,44,5,"0,7"
79,43,5,"1,6"
75,43,10,"1,0"
75,43,5,"1,6"
78,42,5,"0,6"
79,42,5,"1,6"
75,42,5,"1,6"
78,43,5,"0,6"
77,44,5,"1,7"
79,44,5,"1,7"
76,40,5,"0,6"
78,40,5,"0,6"
77,43,5,"1,6"
75,44,5,"1,7"
76,41,5,"0,7"
78,41,5,"0,7"
77,42,5,"1,6"
76,42,5,"0,6"
22,30,5,"0,6"
22,31,10,"1,0"
22,31,5,"0,7"
22,32,10,"1,1"
20,32,10,"1,1"
24,30,5,"0,6"
22,33,10,"1,1"
24,32,10,"1,1"
20,33,10,"1,1"
21,34,10,"1,2"
21,34,5,"0,6"
24,31,10,"1,0"
24,31,5,"0,7"
24,33,10,"1,1"
23,33,10,"1,1"
20,34,10,"1,2"
20,34,5,"1,6"
21,31,10,"1,0"
21,31,5,"1,7"
21,33,10,"1,1"
24,34,10,"1,1"
24,34,5,"1,6"
23,32,10,"1,1"
21,30,5,"1,6"
21,32,10,"1,1"
23,31,10,"1,0"
23,31,5,"1,7"
20,30,5,"0,6"
22,34,10,"1,2"
22,34,5,"1,6"
23,30,5,"1,6"
20,31,10,"1,0"
20,31,5,"0,7"
23,34,10,"1,2"
23,34,5,"0,6"
64,78,5,"1,7"
62,79,5,"1,6"
60,78,5,"1,7"
64,79,5,"1,6"
62,76,5,"1,7"
60,79,5,"1,6"
62,77,5,"1,6"
63,76,5,"0,7"
62,75,5,"1,6"
63,77,5,"0,6"
64,75,5,"1,6"
63,75,5,"0,6"
63,78,5,"0,7"
64,76,5,"1,7"
61,76,5,"0,7"
61,78,5,"0,7"
60,76,5,"1,7"
60,75,5,"1,6"
63,79,5,"0,6"
61,75,5,"0,6"
61,79,5,"0,6"
64,77,5,"1,6"
62,78,5,"1,7"
60,77,5,"1,6"
61,77,5,"0,6"
61,65,5,"0,7"
64,69,5,"0,6"
62,68,10,"1,2"
62,68,5,"0,7"
60,69,5,"0,6"
61,66,10,"1,0"
61,66,5,"0,6"
62,66,10,"1,0"
62,66,5,"1,6"
62,69,5,"0,6"
61,67,10,"1,1"
61,67,5,"1,6"
63,69,5,"1,6"
62,67,10,"1,1"
62,67,5,"0,6"
63,67,10,"1,1"
63,67,5,"1,6"
61,68,10,"1,2"
61,68,5,"1,7"
64,65,5,"1,7"
63,66,10,"1,0"
63,66,5,"0,6"
61,69,5,"1,6"
64,66,10,"1,0"
64,66,5,"1,6"
62,65,5,"1,7"
63,65,5,"0,7"
60,65,5,"1,7"
64,67,10,"1,1"
64,67,5,"0,6"
63,68,10,"1,2"
63,68,5,"1,7"
60,66,10,"1,0"
60,66,5,"1,6"
64,68,10,"1,2"
64,68,5,"0,7"
60,68,10,"1,2"
60,68,5,"0,7"
60,67,10,"1,1"
60,67,5,"0,6"
53,34,10,"1,0"
52,34,10,"1,0"
51,33,10,"2,0"
50,33,10,"1,0"
54,34,10,"1,0"
51,34,10,"1,1"
50,34,10,"1,1"
38,39,10,"1,0"
38,39,5,"0,6"
35,38,5,"0,6"
36,36,5,"0,7"
36,35,10,"0,2"
36,35,5,"0,6"
37,39,10,"1,0"
37,39,5,"1,6"
38,36,5,"0,7"
39,35,10,"1,2"
39,35,5,"1,6"
36,37,5,"0,6"
37,38,5,"1,7"
38,37,5,"0,6"
35,35,5,"0,7"
39,37,5,"1,6"
36,38,5,"0,7"
37,37,5,"1,6"
38,35,10,"1,2"
38,35,5,"0,6"
39,36,5,"1,7"
36,39,10,"1,0"
36,39,5,"0,6"
37,36,5,"1,7"
35,37,5,"0,7"
39,39,10,"1,0"
39,39,5,"1,6"
37,35,10,"1,2"
37,35,5,"1,6"
35,36,5,"0,6"
39,38,5,"1,7"
38,38,5,"0,7"
35,39,10,"0,0"
35,39,5,"0,7"
39,45,10,"0,2"
28,40,10,"1,1"
28,40,5,"1,6"
26,42,10,"1,2"
28,41,10,"1,1"
29,42,10,"1,2"
28,42,10,"1,2"
29,41,10,"1,1"
26,40,10,"1,1"
26,40,5,"1,6"
27,41,10,"1,1"
29,40,10,"1,1"
29,40,5,"0,6"
26,41,10,"1,1"
27,40,10,"1,1"
27,40,5,"0,6"
25,42,10,"1,2"
25,41,10,"1,1"
27,42,10,"1,2"
25,40,10,"1,1"
25,40,5,"0,6"
4,36,10,"0,0"
4,37,10,"0,1"
4,38,10,"0,1"
4,39,10,"0,1"
34,26,10,"1,1"
32,29,5,"0,7"
34,27,10,"1,1"
30,28,10,"1,2"
30,28,5,"0,6"
33,29,5,"1,7"
31,27,10,"1,1"
30,26,10,"1,1"
30,29,5,"0,7"
33,27,10,"1,1"
31,29,5,"1,7"
33,28,10,"1,2"
33,28,5,"1,6"
31,26,10,"1,1"
34,25,10,"1,1"
32,25,10,"1,1"
30,27,10,"1,1"
33,26,10,"1,1"
31,28,10,"1,2"
31,28,5,"1,6"
32,26,10,"1,1"
33,25,10,"1,1"
34,28,10,"1,2"
34,28,5,"0,6"
32,27,10,"1,1"
30,25,10,"1,1"
34,29,5,"0,7"
32,28,10,"1,2"
32,28,5,"0,6"
31,25,10,"1,1"
37,13,5,"0,6"
35,10,5,"0,6"
39,14,5,"1,6"
37,12,5,"0,6"
38,14,5,"0,6"
35,13,10,"2,0"
35,13,5,"0,6"
37,11,5,"0,7"
35,12,5,"0,6"
37,10,5,"0,6"
38,12,5,"1,6"
39,11,5,"0,7"
36,10,5,"1,6"
38,10,5,"1,6"
38,13,5,"1,6"
39,13,5,"0,6"
35,14,10,"1,1"
39,10,10,"0,2"
39,10,5,"0,6"
36,12,5,"1,6"
36,11,5,"1,7"
38,11,5,"1,7"
39,12,5,"0,6"
36,13,5,"1,6"
37,14,5,"1,6"
35,11,5,"0,7"
36,14,10,"2,0"
36,14,5,"0,6"
13,13,10,"1,0"
13,13,5,"0,6"
10,12,5,"1,6"
11,10,5,"0,6"
14,12,5,"1,6"
13,12,5,"0,6"
10,13,10,"1,0"
10,13,5,"1,6"
11,13,10,"1,0"
11,13,5,"0,6"
14,10,5,"1,6"
14,13,10,"1,0"
14,13,5,"1,6"
13,11,5,"0,7"
10,10,5,"1,6"
11,12,5,"0,6"
14,11,5,"1,7"
13,10,5,"0,6"
10,11,5,"1,7"
12,10,5,"1,6"
11,14,10,"1,2"
12,12,5,"1,6"
12,11,5,"1,7"
10,14,10,"1,2"
14,14,10,"1,2"
12,13,10,"1,0"
12,13,5,"1,6"
13,14,10,"1,2"
11,11,5,"0,7"
12,14,10,"1,2"
